,user_analysis_id,proposal_analysis_id,review_group,sci_cat,ref_knowledge,ref_knowledge_text,dt_knowledge,dt_knowledge_group,conflicted,grade,rank_user
0,u770,p059,deepthought,D,2,general_knowledge,0.4446121982039967,best,0,4.0,8.0
1,u770,p126,deepthought,B,3,little_knowledge,0.22882209120223623,median,0,1.4,2.0
2,u770,p272,deepthought,C,2,general_knowledge,0.2885210675503069,best,0,3.0,5.0
3,u770,p205,deepthought,B,3,little_knowledge,0.18711201522247908,worst,0,3.0,5.0
4,u770,p202,deepthought,B,2,general_knowledge,0.22960605303401957,median,0,1.5,3.0
5,u770,p564,deepthought,D,2,general_knowledge,0.3535282911196537,best,0,3.0,5.0
6,u770,p295,deepthought,D,3,little_knowledge,0.35093468705780717,best,0,1.2,1.0
7,u770,p159,deepthought,C,2,general_knowledge,0.1288832674265319,worst,0,3.2,7.0
24,u814,p201,deepthought,A,1,expert,0.26433813669506506,median,0,2.5,4.0
25,u814,p240,deepthought,D,3,little_knowledge,0.2682036651941586,median,0,1.5,1.0
26,u814,p451,deepthought,B,,,0.3890104665323162,best,1,,
27,u814,p202,deepthought,B,1,expert,0.532656121927925,best,0,2.2,3.0
28,u814,p785,deepthought,C,3,little_knowledge,0.1496716994793777,worst,0,3.0,6.5
29,u814,p470,deepthought,D,3,little_knowledge,0.25194491492295035,worst,0,2.0,2.0
30,u814,p136,deepthought,B,1,expert,0.45101048543340144,best,0,2.7,5.0
31,u814,p978,deepthought,B,1,expert,0.4681630569646889,best,0,3.0,6.5
40,u178,p632,deepthought,D,2,general_knowledge,0.39635819830472574,best,0,1.5,2.0
41,u178,p492,deepthought,D,3,little_knowledge,0.2172337383025401,worst,0,1.8,4.0
42,u178,p654,deepthought,D,3,little_knowledge,0.23659326490775073,best,0,3.0,8.0
43,u178,p057,deepthought,D,3,little_knowledge,0.2591831226615168,median,0,2.5,7.0
44,u178,p983,deepthought,D,1,expert,0.512223193663701,best,1,1.0,1.0
45,u178,p241,deepthought,C,2,general_knowledge,0.548765137395623,best,0,1.6,3.0
46,u178,p920,deepthought,A,3,little_knowledge,0.209601052201103,median,0,2.4,6.0
47,u178,p023,deepthought,B,3,little_knowledge,0.19059015252824668,worst,0,2.0,5.0
48,u621,p248,deepthought,B,3,little_knowledge,0.19778403421916202,median,0,2.1,2.0
49,u621,p641,deepthought,B,2,general_knowledge,0.1604175121037426,worst,0,2.4,7.0
50,u621,p367,deepthought,C,1,expert,0.48137240662541525,best,0,2.3,5.0
51,u621,p955,deepthought,C,1,expert,0.5663577564631479,best,0,2.3,5.0
52,u621,p774,deepthought,D,2,general_knowledge,0.2708072479604792,best,0,3.0,8.0
53,u621,p133,deepthought,C,1,expert,0.5447844953862682,best,0,1.2,1.0
54,u621,p202,deepthought,B,3,little_knowledge,0.12585754181309966,worst,0,2.2,3.0
55,u621,p581,deepthought,A,3,little_knowledge,0.2003104770290269,median,0,2.3,5.0
56,u758,p528,deepthought,A,3,little_knowledge,0.12343982339436813,worst,0,2.5,2.0
57,u758,p824,deepthought,D,,,0.4602348218686714,best,1,,
58,u758,p334,deepthought,D,1,expert,0.19466555919370498,median,0,3.5,5.0
59,u758,p971,deepthought,A,3,little_knowledge,0.14829751150482523,worst,0,2.0,1.0
60,u758,p238,deepthought,D,,,0.2885937581152126,best,1,,
61,u758,p470,deepthought,D,1,expert,0.3027338768498391,best,0,3.5,5.0
62,u758,p341,deepthought,D,1,expert,0.4883373450300935,best,0,3.0,3.0
63,u758,p136,deepthought,B,3,little_knowledge,0.19156510879529945,median,0,3.5,5.0
64,u182,p813,deepthought,B,3,little_knowledge,0.24839540974828045,median,0,2.3,3.5
65,u182,p400,deepthought,A,,,0.5170029247103383,best,1,,
66,u182,p360,deepthought,D,3,little_knowledge,0.23994316511395025,worst,0,1.4,1.0
67,u182,p193,deepthought,C,3,little_knowledge,0.17976682087848064,worst,0,2.3,3.5
68,u182,p385,deepthought,B,2,general_knowledge,0.2511553410506729,median,0,2.7,6.0
69,u182,p027,deepthought,D,1,expert,0.38671295637536984,best,0,2.3,3.5
70,u182,p022,deepthought,D,1,expert,0.36485489349140593,best,0,2.3,3.5
71,u182,p046,deepthought,D,,,0.40605150649950494,best,1,,
72,u109,p056,opc_emulate,D,3,little_knowledge,,,0,2.0,4.5
73,u109,p444,opc_emulate,D,2,general_knowledge,,,0,1.7,2.0
74,u109,p997,opc_emulate,D,2,general_knowledge,,,0,1.8,3.0
75,u109,p563,opc_emulate,D,2,general_knowledge,,,0,2.0,4.5
76,u109,p810,opc_emulate,D,3,little_knowledge,,,0,2.3,7.0
77,u109,p591,opc_emulate,D,2,general_knowledge,,,0,1.3,1.0
78,u109,p224,opc_emulate,D,2,general_knowledge,,,0,2.4,8.0
79,u109,p124,opc_emulate,D,3,little_knowledge,,,0,2.2,6.0
80,u268,p056,opc_emulate,D,2,general_knowledge,,,0,2.1,2.0
81,u268,p444,opc_emulate,D,3,little_knowledge,,,0,3.5,8.0
82,u268,p997,opc_emulate,D,3,little_knowledge,,,0,2.6,4.0
83,u268,p563,opc_emulate,D,3,little_knowledge,,,0,3.0,5.5
84,u268,p382,opc_emulate,D,3,little_knowledge,,,0,1.9,1.0
85,u268,p767,opc_emulate,D,1,expert,,,0,3.0,5.5
86,u268,p383,opc_emulate,D,3,little_knowledge,,,0,2.5,3.0
87,u268,p224,opc_emulate,D,2,general_knowledge,,,0,3.2,7.0
88,u778,p060,deepthought,D,3,little_knowledge,0.13602899566997426,worst,0,2.5,4.5
89,u778,p472,deepthought,D,2,general_knowledge,0.3710026988126095,best,0,1.5,2.0
90,u778,p517,deepthought,C,1,expert,0.38884403903286124,best,0,2.0,3.0
91,u778,p785,deepthought,C,,,0.2337625913650963,best,1,,
92,u778,p917,deepthought,A,3,little_knowledge,0.09747788686555382,worst,0,3.5,7.0
93,u778,p971,deepthought,A,3,little_knowledge,0.17705952778765632,median,0,2.5,4.5
94,u778,p736,deepthought,D,2,general_knowledge,0.32742588625653435,best,0,3.0,6.0
95,u778,p987,deepthought,A,3,little_knowledge,0.17625843885335954,median,0,1.0,1.0
96,u247,p012,deepthought,B,3,little_knowledge,0.17092034290111466,worst,0,1.7,2.0
97,u247,p933,deepthought,D,1,expert,0.5020590564316217,best,0,2.0,3.5
98,u247,p562,deepthought,A,3,little_knowledge,0.23000382567250488,median,0,2.0,3.5
99,u247,p118,deepthought,C,1,expert,0.4537772927175864,best,0,3.0,8.0
100,u247,p955,deepthought,C,2,general_knowledge,0.23430343066522305,median,0,2.5,6.0
101,u247,p700,deepthought,D,2,general_knowledge,0.46630626531522723,best,0,1.5,1.0
102,u247,p800,deepthought,B,3,little_knowledge,0.16756258397513832,worst,0,2.8,7.0
103,u247,p884,deepthought,D,2,general_knowledge,0.34152532980551237,best,0,2.3,5.0
112,u436,p367,deepthought,C,1,expert,0.21572712879686873,median,0,1.9,2.0
113,u436,p451,deepthought,B,2,general_knowledge,0.1530741294678899,worst,0,2.5,5.0
114,u436,p919,deepthought,D,2,general_knowledge,0.14222037693561174,worst,0,2.4,3.0
115,u436,p057,deepthought,D,1,expert,0.35580179044441657,best,0,2.5,5.0
116,u436,p561,deepthought,D,1,expert,0.364796626064382,best,0,1.5,1.0
117,u436,p884,deepthought,D,1,expert,0.3078460026611235,best,0,3.3,8.0
118,u436,p023,deepthought,B,1,expert,0.3967400400270135,best,0,2.8,7.0
119,u436,p159,deepthought,C,2,general_knowledge,0.21365078710638716,median,0,2.5,5.0
120,u212,p211,opc_emulate,A,3,little_knowledge,,,0,2.5,2.5
121,u212,p682,opc_emulate,A,3,little_knowledge,,,0,4.0,7.5
122,u212,p660,opc_emulate,A,3,little_knowledge,,,0,2.0,1.0
123,u212,p730,opc_emulate,A,2,general_knowledge,,,0,3.0,4.5
124,u212,p252,opc_emulate,A,3,little_knowledge,,,0,4.0,7.5
125,u212,p087,opc_emulate,A,3,little_knowledge,,,0,3.0,4.5
126,u212,p474,opc_emulate,A,3,little_knowledge,,,0,3.5,6.0
127,u212,p393,opc_emulate,A,3,little_knowledge,,,0,2.5,2.5
128,u064,p402,opc_emulate,C,2,general_knowledge,,,0,2.6,4.5
129,u064,p143,opc_emulate,C,1,expert,,,0,2.8,6.0
130,u064,p555,opc_emulate,C,2,general_knowledge,,,0,1.4,1.0
131,u064,p204,opc_emulate,C,2,general_knowledge,,,0,1.5,2.0
132,u064,p190,opc_emulate,C,2,general_knowledge,,,0,3.0,8.0
133,u064,p543,opc_emulate,C,2,general_knowledge,,,0,2.2,3.0
134,u064,p728,opc_emulate,C,2,general_knowledge,,,0,2.9,7.0
135,u064,p914,opc_emulate,C,2,general_knowledge,,,0,2.6,4.5
136,u000,p248,deepthought,B,2,general_knowledge,0.40375668145794996,best,0,3.0,7.0
137,u000,p933,deepthought,D,3,little_knowledge,0.17941172398605656,worst,0,3.1,8.0
138,u000,p236,deepthought,B,1,expert,0.4451080728095478,best,0,1.7,3.0
139,u000,p272,deepthought,C,3,little_knowledge,0.1551281708071984,median,0,2.1,5.0
140,u000,p793,deepthought,D,2,general_knowledge,0.2784764191389105,best,0,1.6,2.0
141,u000,p955,deepthought,C,3,little_knowledge,0.07502284415335278,worst,0,1.8,4.0
142,u000,p797,deepthought,D,3,little_knowledge,0.17556244963648118,median,0,1.4,1.0
143,u000,p116,deepthought,A,1,expert,0.35369372158088974,best,0,2.5,6.0
144,u989,p236,deepthought,B,3,little_knowledge,0.22077859694795274,median,0,3.0,5.0
145,u989,p002,deepthought,A,3,little_knowledge,0.198512229752528,worst,0,1.8,1.0
146,u989,p797,deepthought,D,1,expert,0.451097697997156,best,0,3.0,5.0
147,u989,p205,deepthought,B,3,little_knowledge,0.16785369170891595,worst,0,2.5,3.0
148,u989,p133,deepthought,C,3,little_knowledge,0.2017406885562305,median,0,3.0,5.0
149,u989,p700,deepthought,D,2,general_knowledge,0.46471879480683076,best,0,2.0,2.0
150,u989,p501,deepthought,D,3,little_knowledge,0.43306601129708067,best,0,4.5,8.0
151,u989,p361,deepthought,D,3,little_knowledge,0.3135520699397609,best,0,4.0,7.0
152,u748,p402,opc_emulate,C,3,little_knowledge,,,0,3.0,5.0
153,u748,p143,opc_emulate,C,,,,,1,,
154,u748,p629,opc_emulate,C,1,expert,,,0,3.0,5.0
155,u748,p707,opc_emulate,C,2,general_knowledge,,,0,2.0,3.0
156,u748,p190,opc_emulate,C,1,expert,,,0,1.2,1.0
157,u748,p728,opc_emulate,C,3,little_knowledge,,,0,3.0,5.0
158,u748,p914,opc_emulate,C,1,expert,,,0,3.5,7.0
159,u748,p778,opc_emulate,C,1,expert,,,0,1.5,2.0
160,u036,p140,opc_emulate,B,2,general_knowledge,,,0,3.5,8.0
161,u036,p463,opc_emulate,B,2,general_knowledge,,,0,1.5,1.0
162,u036,p859,opc_emulate,B,3,little_knowledge,,,0,2.3,4.0
163,u036,p222,opc_emulate,B,3,little_knowledge,,,0,2.8,6.0
164,u036,p342,opc_emulate,B,1,expert,,,0,1.8,2.0
165,u036,p447,opc_emulate,B,2,general_knowledge,,,0,2.2,3.0
166,u036,p358,opc_emulate,B,1,expert,,,0,2.9,7.0
167,u036,p653,opc_emulate,B,1,expert,,,0,2.6,5.0
168,u959,p617,deepthought,C,3,little_knowledge,0.1888240492220961,worst,0,2.6,6.0
169,u959,p947,deepthought,D,1,expert,0.549898428414885,best,0,2.3,2.5
170,u959,p086,deepthought,B,3,little_knowledge,0.21675925322762357,best,0,1.9,1.0
171,u959,p924,deepthought,A,1,expert,0.5101631161197238,best,0,2.3,2.5
172,u959,p654,deepthought,D,3,little_knowledge,0.14383990115625234,worst,0,2.5,4.5
173,u959,p971,deepthought,A,2,general_knowledge,0.5990231048257727,best,0,3.0,8.0
174,u959,p800,deepthought,B,3,little_knowledge,0.23271117045972445,median,0,2.7,7.0
175,u959,p884,deepthought,D,3,little_knowledge,0.2545750402877441,median,0,2.5,4.5
176,u693,p952,deepthought,C,,,0.5303011714480567,best,2,,
177,u693,p430,deepthought,A,3,little_knowledge,0.20045116138638647,worst,0,1.5,1.0
178,u693,p292,deepthought,C,1,expert,0.4372791240769138,best,0,4.5,6.0
179,u693,p736,deepthought,D,1,expert,0.5816138938442212,best,0,3.0,4.5
180,u693,p470,deepthought,D,2,general_knowledge,0.23750298473672005,median,0,3.0,4.5
181,u693,p884,deepthought,D,2,general_knowledge,0.3088388731897784,best,0,2.0,2.5
182,u693,p760,deepthought,A,3,little_knowledge,0.15149475120063416,worst,1,,
183,u693,p853,deepthought,A,3,little_knowledge,0.24426461684837036,median,0,2.0,2.5
184,u486,p952,deepthought,C,1,expert,0.44725112287869456,best,0,1.8,4.0
185,u486,p999,deepthought,A,3,little_knowledge,0.1871196645829522,worst,0,2.0,5.0
186,u486,p641,deepthought,B,3,little_knowledge,0.26408899621585946,median,0,2.5,6.0
187,u486,p370,deepthought,C,1,expert,0.5230385278593794,best,0,1.5,3.0
188,u486,p451,deepthought,B,3,little_knowledge,0.2625761658987025,median,0,1.3,2.0
189,u486,p361,deepthought,D,2,general_knowledge,0.33365392504438024,best,0,1.2,1.0
190,u486,p108,deepthought,D,2,general_knowledge,0.46160491175566754,best,0,2.8,7.5
191,u486,p853,deepthought,A,3,little_knowledge,0.3122500646361881,worst,0,2.8,7.5
192,u960,p141,deepthought,A,2,general_knowledge,0.21837114771806795,median,0,1.0,1.0
193,u960,p272,deepthought,C,3,little_knowledge,0.06671749143264558,worst,0,2.0,4.0
194,u960,p562,deepthought,A,1,expert,0.6008546247501603,best,0,2.8,6.0
195,u960,p060,deepthought,D,3,little_knowledge,0.1911947660555867,worst,0,2.5,5.0
196,u960,p312,deepthought,B,2,general_knowledge,0.25559580538802096,best,0,1.7,3.0
197,u960,p622,deepthought,A,1,expert,0.4754085674974049,best,0,3.0,7.0
198,u960,p975,deepthought,A,,,0.4675192933429578,best,2,,
199,u960,p023,deepthought,B,2,general_knowledge,0.21973622761799477,median,0,1.5,2.0
200,u620,p947,deepthought,D,1,expert,0.5012062107935031,best,0,2.2,3.0
201,u620,p086,deepthought,B,2,general_knowledge,0.18531320179111194,best,0,1.3,1.0
202,u620,p232,deepthought,D,1,expert,0.4966315829328488,best,0,2.5,6.0
203,u620,p185,deepthought,B,3,little_knowledge,0.17763696030425663,worst,0,2.5,6.0
204,u620,p312,deepthought,B,3,little_knowledge,0.11248579051110574,worst,0,2.3,4.0
205,u620,p472,deepthought,D,3,little_knowledge,0.22202401805994362,median,0,2.5,6.0
206,u620,p241,deepthought,C,1,expert,0.521967550442628,best,0,2.0,2.0
207,u620,p929,deepthought,C,3,little_knowledge,0.09417906902171104,median,0,3.0,8.0
208,u678,p118,deepthought,C,2,general_knowledge,0.3366545585982924,best,0,1.9,2.0
209,u678,p824,deepthought,D,1,expert,0.4627335516357215,best,0,3.0,5.5
210,u678,p360,deepthought,D,3,little_knowledge,0.21056814192988219,median,0,2.7,4.0
211,u678,p280,deepthought,D,3,little_knowledge,0.21262755259801033,worst,0,3.5,7.0
212,u678,p030,deepthought,B,3,little_knowledge,0.21161306461542712,median,0,2.2,3.0
213,u678,p116,deepthought,A,3,little_knowledge,0.11547937782500389,worst,0,3.0,5.5
214,u678,p108,deepthought,D,3,little_knowledge,0.4380910010521831,best,0,3.7,8.0
215,u678,p159,deepthought,C,3,little_knowledge,0.3282905134905415,best,0,1.7,1.0
216,u843,p012,deepthought,B,2,general_knowledge,0.2934349886327243,best,0,1.7,2.0
217,u843,p572,deepthought,C,3,little_knowledge,0.16405444380777612,worst,0,2.7,5.0
218,u843,p793,deepthought,D,2,general_knowledge,0.2396277372136576,median,0,1.6,1.0
219,u843,p060,deepthought,D,,,0.382754663395412,best,1,,
220,u843,p528,deepthought,A,2,general_knowledge,0.39638074550372154,best,0,2.1,3.0
221,u843,p700,deepthought,D,3,little_knowledge,0.23894162097837354,worst,0,3.0,6.0
222,u843,p736,deepthought,D,3,little_knowledge,0.24252111925170708,median,0,2.5,4.0
223,u843,p760,deepthought,A,,,0.47441934584211964,best,1,,
224,u966,p725,opc_emulate,D,3,little_knowledge,,,0,1.5,3.0
225,u966,p997,opc_emulate,D,3,little_knowledge,,,0,1.4,2.0
226,u966,p890,opc_emulate,D,2,general_knowledge,,,0,2.5,6.0
227,u966,p382,opc_emulate,D,2,general_knowledge,,,0,2.0,4.0
228,u966,p383,opc_emulate,D,2,general_knowledge,,,0,1.3,1.0
229,u966,p092,opc_emulate,D,3,little_knowledge,,,0,2.2,5.0
230,u966,p407,opc_emulate,D,1,expert,,,0,2.7,7.0
231,u966,p124,opc_emulate,D,2,general_knowledge,,,0,3.2,8.0
232,u932,p033,opc_emulate,A,2,general_knowledge,,,0,1.5,1.5
233,u932,p660,opc_emulate,A,1,expert,,,0,1.5,1.5
234,u932,p730,opc_emulate,A,2,general_knowledge,,,0,4.0,7.5
235,u932,p307,opc_emulate,A,2,general_knowledge,,,0,3.0,4.5
236,u932,p252,opc_emulate,A,2,general_knowledge,,,0,2.0,3.0
237,u932,p619,opc_emulate,A,1,expert,,,0,3.5,6.0
238,u932,p433,opc_emulate,A,2,general_knowledge,,,0,4.0,7.5
239,u932,p177,opc_emulate,A,2,general_knowledge,,,0,3.0,4.5
240,u400,p804,deepthought,A,2,general_knowledge,0.21770896631136538,median,0,2.0,2.0
241,u400,p430,deepthought,A,2,general_knowledge,0.44273776664189646,best,0,1.8,1.0
242,u400,p501,deepthought,D,3,little_knowledge,0.2001790901061017,worst,0,2.7,5.0
243,u400,p057,deepthought,D,3,little_knowledge,0.15173909611301323,worst,0,3.0,6.0
244,u400,p971,deepthought,A,1,expert,0.6251271188790719,best,0,2.4,3.0
245,u400,p116,deepthought,A,1,expert,0.487998622017253,best,0,3.3,7.0
246,u400,p929,deepthought,C,3,little_knowledge,0.07804867824457778,best,0,3.5,8.0
247,u400,p504,deepthought,D,3,little_knowledge,0.22398275172249804,median,0,2.5,4.0
256,u414,p060,deepthought,D,2,general_knowledge,0.22905311627783254,median,0,1.5,3.0
257,u414,p736,deepthought,D,1,expert,0.4838056494544825,best,0,1.9,5.0
258,u414,p027,deepthought,D,2,general_knowledge,0.40484910288176323,best,0,1.5,3.0
259,u414,p341,deepthought,D,1,expert,0.5665883222493483,best,0,1.5,3.0
260,u414,p326,deepthought,D,2,general_knowledge,0.14364220127473917,worst,0,1.2,1.0
261,u414,p136,deepthought,B,3,little_knowledge,0.2084538909302785,median,0,2.0,7.0
262,u414,p581,deepthought,A,3,little_knowledge,0.20471561184161435,worst,0,2.0,7.0
263,u414,p159,deepthought,C,3,little_knowledge,0.13110997845096917,best,0,2.0,7.0
264,u556,p402,opc_emulate,C,2,general_knowledge,,,0,2.1,4.0
265,u556,p629,opc_emulate,C,3,little_knowledge,,,0,3.7,8.0
266,u556,p151,opc_emulate,C,3,little_knowledge,,,0,2.2,5.0
267,u556,p707,opc_emulate,C,3,little_knowledge,,,0,2.5,6.0
268,u556,p728,opc_emulate,C,3,little_knowledge,,,0,3.0,7.0
269,u556,p350,opc_emulate,C,2,general_knowledge,,,0,1.6,2.0
270,u556,p914,opc_emulate,C,3,little_knowledge,,,0,2.0,3.0
271,u556,p778,opc_emulate,C,3,little_knowledge,,,0,1.2,1.0
272,u013,p232,deepthought,D,3,little_knowledge,0.21730967912517962,median,0,2.0,1.5
273,u013,p174,deepthought,A,,,0.5144236709882353,best,1,,
274,u013,p706,deepthought,C,3,little_knowledge,0.2924883252564848,best,0,2.0,1.5
275,u013,p983,deepthought,D,3,little_knowledge,0.22008617070921782,median,0,3.0,4.0
276,u013,p736,deepthought,D,3,little_knowledge,0.1918067085969608,worst,0,4.0,6.5
277,u013,p341,deepthought,D,3,little_knowledge,0.13869792336045342,worst,0,4.0,6.5
278,u013,p581,deepthought,A,2,general_knowledge,0.525834260070233,best,0,3.5,5.0
279,u013,p920,deepthought,A,2,general_knowledge,0.39672945277322147,best,0,2.5,3.0
280,u710,p682,opc_emulate,A,2,general_knowledge,,,0,4.5,8.0
281,u710,p033,opc_emulate,A,1,expert,,,0,2.5,3.5
282,u710,p660,opc_emulate,A,1,expert,,,0,3.5,6.5
283,u710,p148,opc_emulate,A,1,expert,,,0,3.0,5.0
284,u710,p730,opc_emulate,A,2,general_knowledge,,,0,1.5,1.0
285,u710,p307,opc_emulate,A,2,general_knowledge,,,0,3.5,6.5
286,u710,p252,opc_emulate,A,1,expert,,,0,2.0,2.0
287,u710,p433,opc_emulate,A,3,little_knowledge,,,0,2.5,3.5
304,u047,p682,opc_emulate,A,1,expert,,,0,2.8,7.0
305,u047,p660,opc_emulate,A,1,expert,,,0,2.2,2.0
306,u047,p730,opc_emulate,A,1,expert,,,0,3.4,8.0
307,u047,p386,opc_emulate,A,2,general_knowledge,,,0,2.3,3.0
308,u047,p252,opc_emulate,A,2,general_knowledge,,,0,1.3,1.0
309,u047,p619,opc_emulate,A,1,expert,,,0,2.4,4.5
310,u047,p433,opc_emulate,A,1,expert,,,0,2.4,4.5
311,u047,p393,opc_emulate,A,1,expert,,,0,2.7,6.0
312,u396,p012,deepthought,B,3,little_knowledge,0.1437103571220185,worst,0,2.0,3.5
313,u396,p086,deepthought,B,2,general_knowledge,0.2054107902552884,median,0,1.5,1.5
314,u396,p243,deepthought,D,2,general_knowledge,0.20467244462225664,median,0,2.0,3.5
315,u396,p575,deepthought,C,1,expert,0.6044467298066118,best,0,4.0,7.0
316,u396,p185,deepthought,B,3,little_knowledge,0.12435935801561311,worst,0,3.0,6.0
317,u396,p133,deepthought,C,1,expert,0.6044232337132887,best,0,1.5,1.5
318,u396,p193,deepthought,C,1,expert,0.47619099268575366,best,0,2.5,5.0
319,u396,p596,deepthought,C,,,0.480609022187073,best,2,,
320,u098,p607,deepthought,D,1,expert,0.4044235704506274,best,0,1.5,2.0
321,u098,p517,deepthought,C,2,general_knowledge,0.2621314204297296,median,0,2.4,4.0
322,u098,p977,deepthought,B,1,expert,0.338499040891848,best,0,1.5,2.0
323,u098,p217,deepthought,C,2,general_knowledge,0.26658012658439123,median,0,3.0,6.5
324,u098,p241,deepthought,C,1,expert,0.49730102697201595,best,0,1.5,2.0
325,u098,p929,deepthought,C,3,little_knowledge,0.10321576190572099,worst,0,3.0,6.5
326,u098,p295,deepthought,D,1,expert,0.4783655761096698,best,0,3.5,8.0
327,u098,p023,deepthought,B,3,little_knowledge,0.16781113274438433,worst,0,2.5,5.0
328,u882,p572,deepthought,C,1,expert,0.32994315860233836,best,0,3.1,6.0
329,u882,p272,deepthought,C,1,expert,0.21916195157447843,median,0,1.0,1.0
330,u882,p641,deepthought,B,3,little_knowledge,0.1735199431225596,median,0,2.5,2.5
331,u882,p367,deepthought,C,1,expert,0.5333317504595914,best,0,3.4,7.0
332,u882,p955,deepthought,C,2,general_knowledge,0.6278034252494635,best,0,2.9,5.0
333,u882,p133,deepthought,C,,,0.651729647880243,best,1,,
334,u882,p312,deepthought,B,3,little_knowledge,0.07575081780568398,worst,0,2.6,4.0
335,u882,p800,deepthought,B,3,little_knowledge,0.11913137914216806,worst,0,2.5,2.5
336,u712,p492,deepthought,D,2,general_knowledge,0.3251266325201637,best,1,1.5,2.5
337,u712,p813,deepthought,B,3,little_knowledge,0.220157011874561,worst,0,3.5,5.0
338,u712,p367,deepthought,C,3,little_knowledge,0.1708972489672847,worst,0,1.5,2.5
339,u712,p676,deepthought,A,3,little_knowledge,0.22114362828211057,median,0,2.0,4.0
340,u712,p511,deepthought,D,2,general_knowledge,0.3438080464559021,best,0,1.0,1.0
341,u712,p022,deepthought,D,,,0.32808804634420496,best,1,,
342,u712,p326,deepthought,D,,,0.23244840684008988,median,1,,
343,u712,p046,deepthought,D,,,0.38288143411338604,best,1,,
344,u947,p933,deepthought,D,3,little_knowledge,0.2176347316020661,median,0,3.4,7.0
345,u947,p103,deepthought,D,3,little_knowledge,0.2791669330492874,best,0,3.1,5.5
346,u947,p060,deepthought,D,3,little_knowledge,0.21291462694471636,median,0,2.5,1.0
347,u947,p174,deepthought,A,,,0.5639789814189635,best,2,,
348,u947,p079,deepthought,A,1,expert,0.539076898935056,best,0,3.0,4.0
349,u947,p917,deepthought,A,2,general_knowledge,0.4522767714777755,best,0,2.8,3.0
350,u947,p295,deepthought,D,3,little_knowledge,0.1925957522968158,worst,0,2.7,2.0
351,u947,p596,deepthought,C,3,little_knowledge,0.14086624312058782,worst,0,3.1,5.5
352,u269,p005,opc_emulate,B,3,little_knowledge,,,0,2.0,3.5
353,u269,p573,opc_emulate,B,2,general_knowledge,,,0,3.5,7.0
354,u269,p435,opc_emulate,B,3,little_knowledge,,,0,1.5,1.5
355,u269,p603,opc_emulate,B,3,little_knowledge,,,0,1.5,1.5
356,u269,p695,opc_emulate,B,2,general_knowledge,,,0,2.5,5.5
357,u269,p342,opc_emulate,B,3,little_knowledge,,,0,4.0,8.0
358,u269,p358,opc_emulate,B,2,general_knowledge,,,0,2.5,5.5
359,u269,p653,opc_emulate,B,1,expert,,,0,2.0,3.5
368,u831,p086,deepthought,B,2,general_knowledge,0.1933554928713867,median,0,1.6,1.0
369,u831,p632,deepthought,D,2,general_knowledge,0.19460345772146706,median,0,3.2,4.0
370,u831,p059,deepthought,D,2,general_knowledge,0.4113085187635663,best,0,2.9,3.0
371,u831,p272,deepthought,C,,,0.5288703319554884,best,1,,
372,u831,p622,deepthought,A,3,little_knowledge,0.16834115668793076,worst,0,5.0,7.0
373,u831,p238,deepthought,D,1,expert,0.5739303056269917,best,0,4.4,6.0
374,u831,p884,deepthought,D,1,expert,0.2587725333710199,best,0,2.0,2.0
375,u831,p136,deepthought,B,3,little_knowledge,0.12535623562381518,worst,0,3.4,5.0
376,u551,p148,opc_emulate,A,1,expert,,,0,2.6,6.0
377,u551,p386,opc_emulate,A,1,expert,,,0,1.6,3.0
378,u551,p307,opc_emulate,A,2,general_knowledge,,,0,1.5,2.0
379,u551,p087,opc_emulate,A,1,expert,,,0,3.7,8.0
380,u551,p474,opc_emulate,A,2,general_knowledge,,,0,3.1,7.0
381,u551,p433,opc_emulate,A,3,little_knowledge,,,0,2.0,5.0
382,u551,p393,opc_emulate,A,1,expert,,,0,1.1,1.0
383,u551,p177,opc_emulate,A,3,little_knowledge,,,0,1.9,4.0
384,u661,p103,deepthought,D,3,little_knowledge,0.2474395488313919,best,0,2.1,4.0
385,u661,p176,deepthought,C,3,little_knowledge,0.19190689921090498,median,0,1.7,2.0
386,u661,p824,deepthought,D,3,little_knowledge,0.18210938089323045,worst,0,2.7,6.0
387,u661,p430,deepthought,A,2,general_knowledge,0.4276630400558634,best,0,1.8,3.0
388,u661,p622,deepthought,A,2,general_knowledge,0.47937653018920456,best,0,3.0,7.0
389,u661,p977,deepthought,B,3,little_knowledge,0.24449384717545433,median,0,1.5,1.0
390,u661,p983,deepthought,D,3,little_knowledge,0.2670249193403198,worst,0,2.5,5.0
391,u661,p760,deepthought,A,,,0.5448069913648887,best,1,,
392,u370,p211,opc_emulate,A,1,expert,,,0,2.1,3.0
393,u370,p033,opc_emulate,A,2,general_knowledge,,,0,1.8,2.0
394,u370,p730,opc_emulate,A,2,general_knowledge,,,0,3.5,6.0
395,u370,p307,opc_emulate,A,2,general_knowledge,,,0,3.7,7.0
396,u370,p087,opc_emulate,A,1,expert,,,0,2.2,4.0
397,u370,p474,opc_emulate,A,1,expert,,,0,1.5,1.0
398,u370,p393,opc_emulate,A,1,expert,,,0,4.0,8.0
399,u370,p177,opc_emulate,A,2,general_knowledge,,,0,3.0,5.0
400,u167,p201,deepthought,A,3,little_knowledge,0.17037380785446776,worst,1,,
401,u167,p118,deepthought,C,1,expert,0.4402601773772651,best,0,2.5,3.5
402,u167,p835,deepthought,B,3,little_knowledge,0.16301811412055334,worst,1,,
403,u167,p824,deepthought,D,2,general_knowledge,0.4431954709444075,best,0,3.0,5.5
404,u167,p070,deepthought,D,2,general_knowledge,0.2514119888196972,median,0,2.5,3.5
405,u167,p785,deepthought,C,1,expert,0.4015346240068453,best,0,2.2,1.5
406,u167,p706,deepthought,C,1,expert,0.3914593264114801,best,0,3.0,5.5
407,u167,p292,deepthought,C,1,expert,0.2600324794315249,median,0,2.2,1.5
416,u986,p236,deepthought,B,2,general_knowledge,0.19723091821735794,worst,0,2.0,3.0
417,u986,p528,deepthought,A,3,little_knowledge,0.16588076669074406,worst,0,2.0,3.0
418,u986,p202,deepthought,B,3,little_knowledge,0.2291804125310129,median,0,2.0,3.0
419,u986,p501,deepthought,D,1,expert,0.38222066249888326,best,0,3.3,7.0
420,u986,p654,deepthought,D,1,expert,0.29284963570476574,best,0,4.0,8.0
421,u986,p564,deepthought,D,2,general_knowledge,0.5378165621997452,best,0,1.7,1.0
422,u986,p470,deepthought,D,3,little_knowledge,0.37342974241479565,best,0,2.5,5.5
423,u986,p046,deepthought,D,2,general_knowledge,0.22939889008231037,median,0,2.5,5.5
424,u930,p005,opc_emulate,B,2,general_knowledge,,,0,2.8,7.0
425,u930,p573,opc_emulate,B,2,general_knowledge,,,0,5.0,8.0
426,u930,p140,opc_emulate,B,3,little_knowledge,,,0,1.5,1.0
427,u930,p435,opc_emulate,B,2,general_knowledge,,,0,2.0,3.0
428,u930,p603,opc_emulate,B,3,little_knowledge,,,0,2.0,3.0
429,u930,p342,opc_emulate,B,2,general_knowledge,,,0,2.0,3.0
430,u930,p447,opc_emulate,B,3,little_knowledge,,,0,2.5,5.5
431,u930,p653,opc_emulate,B,3,little_knowledge,,,0,2.5,5.5
432,u682,p666,opc_emulate,B,2,general_knowledge,,,0,2.2,4.0
433,u682,p140,opc_emulate,B,2,general_knowledge,,,0,3.5,7.0
434,u682,p698,opc_emulate,B,2,general_knowledge,,,0,2.7,5.0
435,u682,p463,opc_emulate,B,2,general_knowledge,,,0,1.5,1.5
436,u682,p603,opc_emulate,B,3,little_knowledge,,,0,3.0,6.0
437,u682,p222,opc_emulate,B,1,expert,,,0,1.8,3.0
438,u682,p342,opc_emulate,B,2,general_knowledge,,,0,1.5,1.5
439,u682,p358,opc_emulate,B,2,general_knowledge,,,0,4.0,8.0
448,u426,p211,opc_emulate,A,1,expert,,,0,4.5,8.0
449,u426,p148,opc_emulate,A,1,expert,,,0,3.5,4.0
450,u426,p386,opc_emulate,A,1,expert,,,0,2.5,1.5
451,u426,p307,opc_emulate,A,1,expert,,,0,3.5,4.0
452,u426,p087,opc_emulate,A,2,general_knowledge,,,0,4.0,6.5
453,u426,p474,opc_emulate,A,1,expert,,,0,4.0,6.5
454,u426,p393,opc_emulate,A,1,expert,,,0,2.5,1.5
455,u426,p177,opc_emulate,A,1,expert,,,0,3.5,4.0
456,u804,p002,deepthought,A,1,expert,0.572036356544706,best,0,2.3,4.0
457,u804,p703,deepthought,C,3,little_knowledge,0.1490513822210961,worst,0,2.0,3.0
458,u804,p185,deepthought,B,2,general_knowledge,0.23414573972551117,median,0,2.9,5.0
459,u804,p451,deepthought,B,1,expert,0.3310751341499502,best,0,1.0,1.0
460,u804,p079,deepthought,A,1,expert,0.491513975314598,best,0,4.3,8.0
461,u804,p917,deepthought,A,2,general_knowledge,0.356300084032277,best,0,3.7,7.0
462,u804,p341,deepthought,D,3,little_knowledge,0.21983930168844948,median,0,1.4,2.0
463,u804,p504,deepthought,D,3,little_knowledge,0.20819731491160962,worst,0,3.6,6.0
464,u897,p056,opc_emulate,D,2,general_knowledge,,,0,2.6,8.0
465,u897,p444,opc_emulate,D,2,general_knowledge,,,0,1.8,5.0
466,u897,p725,opc_emulate,D,2,general_knowledge,,,0,2.0,6.0
467,u897,p767,opc_emulate,D,2,general_knowledge,,,0,1.5,2.5
468,u897,p092,opc_emulate,D,2,general_knowledge,,,0,2.1,7.0
469,u897,p810,opc_emulate,D,2,general_knowledge,,,0,1.5,2.5
470,u897,p407,opc_emulate,D,2,general_knowledge,,,0,1.6,4.0
471,u897,p224,opc_emulate,D,2,general_knowledge,,,0,1.4,1.0
472,u820,p682,opc_emulate,A,1,expert,,,0,2.5,7.0
473,u820,p033,opc_emulate,A,3,little_knowledge,,,0,1.5,1.5
474,u820,p660,opc_emulate,A,3,little_knowledge,,,0,2.7,8.0
475,u820,p148,opc_emulate,A,3,little_knowledge,,,0,2.0,4.5
476,u820,p730,opc_emulate,A,2,general_knowledge,,,0,2.0,4.5
477,u820,p307,opc_emulate,A,3,little_knowledge,,,0,2.0,4.5
478,u820,p252,opc_emulate,A,3,little_knowledge,,,0,2.0,4.5
479,u820,p177,opc_emulate,A,3,little_knowledge,,,0,1.5,1.5
488,u412,p243,deepthought,D,2,general_knowledge,0.15978346248676695,best,0,1.5,1.0
489,u412,p793,deepthought,D,2,general_knowledge,0.18210647674492525,worst,0,2.0,3.5
490,u412,p835,deepthought,B,1,expert,0.39712167530155035,best,0,3.5,8.0
491,u412,p220,deepthought,A,1,expert,0.3894098977601574,best,0,2.0,3.5
492,u412,p924,deepthought,A,1,expert,0.21375849695793325,median,0,2.0,3.5
493,u412,p217,deepthought,C,3,little_knowledge,0.1254228262379501,worst,0,2.5,6.5
494,u412,p116,deepthought,A,1,expert,0.21359851439104754,median,0,2.5,6.5
495,u412,p800,deepthought,B,1,expert,0.49949038169116616,best,0,2.0,3.5
496,u902,p572,deepthought,C,1,expert,0.379713470162407,best,0,2.4,3.0
497,u902,p103,deepthought,D,2,general_knowledge,0.1491954969343569,median,0,1.6,2.0
498,u902,p955,deepthought,C,1,expert,0.6459073279438383,best,0,3.2,6.0
499,u902,p703,deepthought,C,1,expert,0.5435808291073093,best,0,1.5,1.0
500,u902,p202,deepthought,B,3,little_knowledge,0.10254642618023299,worst,0,2.6,4.0
501,u902,p217,deepthought,C,1,expert,0.5976780751441422,best,0,3.4,7.0
502,u902,p523,deepthought,B,3,little_knowledge,0.1129115345676745,worst,0,4.0,8.0
503,u902,p581,deepthought,A,3,little_knowledge,0.14670003023088002,median,0,2.8,5.0
504,u633,p103,deepthought,D,2,general_knowledge,0.21334117566128627,median,0,1.7,4.5
505,u633,p176,deepthought,C,3,little_knowledge,0.19617246418714573,median,0,2.5,7.5
506,u633,p575,deepthought,C,3,little_knowledge,0.11443793467830657,worst,0,2.0,6.0
507,u633,p793,deepthought,D,1,expert,0.2994059988170001,best,0,1.5,2.5
508,u633,p622,deepthought,A,1,expert,0.40181007313243877,best,0,1.2,1.0
509,u633,p581,deepthought,A,1,expert,0.46434584303443904,best,0,1.7,4.5
510,u633,p920,deepthought,A,1,expert,0.4005715668655509,best,0,2.5,7.5
511,u633,p504,deepthought,D,3,little_knowledge,0.1856346007758483,worst,0,1.5,2.5
512,u567,p402,opc_emulate,C,3,little_knowledge,,,0,3.0,6.5
513,u567,p143,opc_emulate,C,1,expert,,,0,2.5,4.0
514,u567,p629,opc_emulate,C,2,general_knowledge,,,0,1.2,1.0
515,u567,p707,opc_emulate,C,2,general_knowledge,,,0,1.5,2.0
516,u567,p728,opc_emulate,C,3,little_knowledge,,,0,3.2,8.0
517,u567,p350,opc_emulate,C,1,expert,,,0,3.0,6.5
518,u567,p914,opc_emulate,C,1,expert,,,0,2.7,5.0
519,u567,p778,opc_emulate,C,1,expert,,,0,2.4,3.0
528,u904,p033,opc_emulate,A,2,general_knowledge,,,0,3.0,4.0
529,u904,p660,opc_emulate,A,3,little_knowledge,,,0,3.5,6.5
530,u904,p148,opc_emulate,A,2,general_knowledge,,,0,3.5,6.5
531,u904,p307,opc_emulate,A,2,general_knowledge,,,0,3.0,4.0
532,u904,p252,opc_emulate,A,3,little_knowledge,,,0,2.0,1.0
533,u904,p619,opc_emulate,A,2,general_knowledge,,,0,4.0,8.0
534,u904,p433,opc_emulate,A,2,general_knowledge,,,0,3.0,4.0
535,u904,p177,opc_emulate,A,2,general_knowledge,,,0,2.5,2.0
552,u455,p005,opc_emulate,B,3,little_knowledge,,,0,1.3,2.0
553,u455,p573,opc_emulate,B,2,general_knowledge,,,0,2.5,7.0
554,u455,p463,opc_emulate,B,2,general_knowledge,,,0,1.5,3.0
555,u455,p435,opc_emulate,B,2,general_knowledge,,,0,2.4,6.0
556,u455,p603,opc_emulate,B,3,little_knowledge,,,0,2.7,8.0
557,u455,p695,opc_emulate,B,2,general_knowledge,,,0,1.9,4.0
558,u455,p859,opc_emulate,B,2,general_knowledge,,,0,1.1,1.0
559,u455,p222,opc_emulate,B,2,general_knowledge,,,0,2.3,5.0
560,u619,p632,deepthought,D,2,general_knowledge,0.41439245135390046,best,0,1.5,2.0
561,u619,p201,deepthought,A,3,little_knowledge,0.13294046735002465,worst,0,2.5,5.5
562,u619,p272,deepthought,C,2,general_knowledge,0.36490482369685734,best,0,2.5,5.5
563,u619,p804,deepthought,A,3,little_knowledge,0.10291178618679943,worst,0,1.5,2.0
564,u619,p430,deepthought,A,3,little_knowledge,0.20044573408058125,median,0,2.0,4.0
565,u619,p700,deepthought,D,2,general_knowledge,0.40305725804956427,best,0,1.5,2.0
566,u619,p238,deepthought,D,,,0.48695101129336327,best,1,,
567,u619,p022,deepthought,D,,,0.19923094786221804,median,1,,
576,u579,p005,opc_emulate,B,2,general_knowledge,,,0,1.2,1.0
577,u579,p573,opc_emulate,B,2,general_knowledge,,,0,3.0,7.5
578,u579,p140,opc_emulate,B,2,general_knowledge,,,0,2.5,6.0
579,u579,p698,opc_emulate,B,2,general_knowledge,,,0,1.5,2.5
580,u579,p435,opc_emulate,B,2,general_knowledge,,,0,3.0,7.5
581,u579,p695,opc_emulate,B,2,general_knowledge,,,0,2.0,4.5
582,u579,p342,opc_emulate,B,2,general_knowledge,,,0,2.0,4.5
583,u579,p447,opc_emulate,B,2,general_knowledge,,,0,1.5,2.5
592,u530,p492,deepthought,D,3,little_knowledge,0.2135611519066004,worst,0,2.0,3.5
593,u530,p141,deepthought,A,2,general_knowledge,0.13762226415270506,worst,0,1.8,2.0
594,u530,p240,deepthought,D,1,expert,0.5355698114610679,best,0,2.5,6.0
595,u530,p360,deepthought,D,1,expert,0.44440679410055617,best,0,2.0,3.5
596,u530,p472,deepthought,D,3,little_knowledge,0.2518187416069518,median,0,1.6,1.0
597,u530,p929,deepthought,C,2,general_knowledge,0.10548379321878493,best,0,3.2,8.0
598,u530,p978,deepthought,B,3,little_knowledge,0.2501585185876719,median,0,2.9,7.0
599,u530,p504,deepthought,D,1,expert,0.6240354800860979,best,0,2.3,5.0
608,u780,p725,opc_emulate,D,2,general_knowledge,,,0,2.5,4.5
609,u780,p997,opc_emulate,D,3,little_knowledge,,,0,2.5,4.5
610,u780,p890,opc_emulate,D,3,little_knowledge,,,0,2.6,6.0
611,u780,p382,opc_emulate,D,3,little_knowledge,,,0,2.8,8.0
612,u780,p383,opc_emulate,D,3,little_knowledge,,,0,2.2,3.0
613,u780,p407,opc_emulate,D,2,general_knowledge,,,0,2.7,7.0
614,u780,p591,opc_emulate,D,2,general_knowledge,,,0,1.6,1.0
615,u780,p124,opc_emulate,D,2,general_knowledge,,,0,2.0,2.0
616,u381,p725,opc_emulate,D,1,expert,,,0,1.5,2.0
617,u381,p890,opc_emulate,D,2,general_knowledge,,,0,2.5,6.0
618,u381,p382,opc_emulate,D,3,little_knowledge,,,0,2.5,6.0
619,u381,p383,opc_emulate,D,2,general_knowledge,,,0,2.0,4.0
620,u381,p092,opc_emulate,D,2,general_knowledge,,,0,1.5,2.0
621,u381,p407,opc_emulate,D,2,general_knowledge,,,0,3.0,8.0
622,u381,p591,opc_emulate,D,2,general_knowledge,,,0,1.5,2.0
623,u381,p124,opc_emulate,D,3,little_knowledge,,,0,2.5,6.0
624,u993,p211,opc_emulate,A,2,general_knowledge,,,0,3.2,6.0
625,u993,p682,opc_emulate,A,2,general_knowledge,,,0,2.8,2.0
626,u993,p660,opc_emulate,A,2,general_knowledge,,,0,1.5,1.0
627,u993,p386,opc_emulate,A,2,general_knowledge,,,0,2.9,3.0
628,u993,p252,opc_emulate,A,3,little_knowledge,,,0,3.0,4.0
629,u993,p619,opc_emulate,A,1,expert,,,0,3.5,7.0
630,u993,p433,opc_emulate,A,3,little_knowledge,,,0,3.1,5.0
631,u993,p393,opc_emulate,A,,,,,1,,
640,u939,p573,opc_emulate,B,1,expert,,,0,3.5,7.0
641,u939,p666,opc_emulate,B,2,general_knowledge,,,0,2.5,3.0
642,u939,p140,opc_emulate,B,1,expert,,,0,2.5,3.0
643,u939,p603,opc_emulate,B,2,general_knowledge,,,0,3.5,7.0
644,u939,p859,opc_emulate,B,2,general_knowledge,,,0,2.5,3.0
645,u939,p447,opc_emulate,B,1,expert,,,0,1.5,1.0
646,u939,p358,opc_emulate,B,2,general_knowledge,,,0,3.5,7.0
647,u939,p653,opc_emulate,B,2,general_knowledge,,,0,3.0,5.0
664,u738,p402,opc_emulate,C,3,little_knowledge,,,0,2.5,4.0
665,u738,p143,opc_emulate,C,2,general_knowledge,,,0,1.2,2.0
666,u738,p950,opc_emulate,C,1,expert,,,0,1.5,3.0
667,u738,p184,opc_emulate,C,1,expert,,,0,4.9,8.0
668,u738,p204,opc_emulate,C,2,general_knowledge,,,0,1.1,1.0
669,u738,p190,opc_emulate,C,3,little_knowledge,,,0,4.0,7.0
670,u738,p543,opc_emulate,C,3,little_knowledge,,,0,3.0,5.5
671,u738,p728,opc_emulate,C,3,little_knowledge,,,0,3.0,5.5
680,u369,p617,deepthought,C,2,general_knowledge,0.2772355595185941,best,0,1.6,1.0
681,u369,p248,deepthought,B,2,general_knowledge,0.14556970975093603,worst,0,2.3,7.0
682,u369,p141,deepthought,A,3,little_knowledge,0.10305521692398614,worst,0,1.7,2.0
683,u369,p174,deepthought,A,3,little_knowledge,0.19209045911712033,median,0,1.8,3.0
684,u369,p564,deepthought,D,,,0.46782542478839206,best,2,,
685,u369,p975,deepthought,A,3,little_knowledge,0.1989121087063091,median,0,2.0,6.0
686,u369,p470,deepthought,D,2,general_knowledge,0.35125218093511223,best,0,1.9,4.5
687,u369,p326,deepthought,D,2,general_knowledge,0.3387299139638962,best,0,1.9,4.5
688,u010,p143,opc_emulate,C,2,general_knowledge,,,0,2.0,3.0
689,u010,p629,opc_emulate,C,2,general_knowledge,,,0,4.0,5.5
690,u010,p184,opc_emulate,C,2,general_knowledge,,,0,4.0,5.5
691,u010,p151,opc_emulate,C,2,general_knowledge,,,0,2.0,3.0
692,u010,p707,opc_emulate,C,2,general_knowledge,,,0,1.5,1.0
693,u010,p190,opc_emulate,C,2,general_knowledge,,,0,4.5,7.5
694,u010,p543,opc_emulate,C,2,general_knowledge,,,0,4.5,7.5
695,u010,p778,opc_emulate,C,2,general_knowledge,,,0,2.0,3.0
696,u592,p056,opc_emulate,D,2,general_knowledge,,,0,2.0,5.0
697,u592,p563,opc_emulate,D,2,general_knowledge,,,0,2.0,5.0
698,u592,p767,opc_emulate,D,3,little_knowledge,,,0,1.5,1.5
699,u592,p383,opc_emulate,D,2,general_knowledge,,,0,2.5,8.0
700,u592,p092,opc_emulate,D,3,little_knowledge,,,0,2.0,5.0
701,u592,p810,opc_emulate,D,3,little_knowledge,,,0,1.5,1.5
702,u592,p591,opc_emulate,D,3,little_knowledge,,,0,2.0,5.0
703,u592,p224,opc_emulate,D,3,little_knowledge,,,0,2.0,5.0
704,u351,p444,opc_emulate,D,3,little_knowledge,,,0,1.8,5.0
705,u351,p890,opc_emulate,D,3,little_knowledge,,,0,2.1,8.0
706,u351,p563,opc_emulate,D,2,general_knowledge,,,0,1.9,6.5
707,u351,p382,opc_emulate,D,3,little_knowledge,,,0,1.7,4.0
708,u351,p767,opc_emulate,D,3,little_knowledge,,,0,1.5,1.0
709,u351,p810,opc_emulate,D,3,little_knowledge,,,0,1.6,2.5
710,u351,p224,opc_emulate,D,3,little_knowledge,,,0,1.6,2.5
711,u351,p124,opc_emulate,D,3,little_knowledge,,,0,1.9,6.5
712,u229,p999,deepthought,A,1,expert,0.4390143181328439,best,0,4.0,6.0
713,u229,p774,deepthought,D,3,little_knowledge,0.2399756882295051,median,0,1.5,1.5
714,u229,p312,deepthought,B,2,general_knowledge,0.24419389096526112,median,0,2.0,3.0
715,u229,p360,deepthought,D,3,little_knowledge,0.20392613077399668,worst,0,5.0,8.0
716,u229,p202,deepthought,B,1,expert,0.5322507221442805,best,0,4.0,6.0
717,u229,p385,deepthought,B,1,expert,0.3532190898208223,best,0,4.0,6.0
718,u229,p975,deepthought,A,1,expert,0.426130482431695,best,0,1.5,1.5
719,u229,p046,deepthought,D,3,little_knowledge,0.1570403268156087,worst,0,3.0,4.0
720,u149,p950,opc_emulate,C,2,general_knowledge,,,0,1.4,1.0
721,u149,p555,opc_emulate,C,3,little_knowledge,,,0,2.9,6.0
722,u149,p184,opc_emulate,C,3,little_knowledge,,,0,3.2,8.0
723,u149,p151,opc_emulate,C,1,expert,,,0,1.9,4.0
724,u149,p204,opc_emulate,C,1,expert,,,0,1.7,3.0
725,u149,p707,opc_emulate,C,2,general_knowledge,,,0,1.6,2.0
726,u149,p350,opc_emulate,C,1,expert,,,0,3.0,7.0
727,u149,p778,opc_emulate,C,2,general_knowledge,,,0,2.3,5.0
728,u583,p005,opc_emulate,B,1,expert,,,0,2.7,5.0
729,u583,p666,opc_emulate,B,1,expert,,,0,3.0,6.5
730,u583,p140,opc_emulate,B,1,expert,,,0,3.0,6.5
731,u583,p463,opc_emulate,B,1,expert,,,0,1.9,2.0
732,u583,p435,opc_emulate,B,1,expert,,,0,2.0,3.0
733,u583,p859,opc_emulate,B,1,expert,,,0,1.7,1.0
734,u583,p447,opc_emulate,B,1,expert,,,0,2.3,4.0
735,u583,p358,opc_emulate,B,1,expert,,,0,3.3,8.0
736,u338,p666,opc_emulate,B,2,general_knowledge,,,0,2.7,5.0
737,u338,p140,opc_emulate,B,2,general_knowledge,,,0,2.8,6.0
738,u338,p698,opc_emulate,B,2,general_knowledge,,,0,1.7,1.0
739,u338,p603,opc_emulate,B,1,expert,,,0,3.0,7.0
740,u338,p222,opc_emulate,B,3,little_knowledge,,,0,2.5,4.0
741,u338,p342,opc_emulate,B,2,general_knowledge,,,0,2.0,2.0
742,u338,p358,opc_emulate,B,2,general_knowledge,,,0,3.3,8.0
743,u338,p653,opc_emulate,B,2,general_knowledge,,,0,2.3,3.0
744,u970,p059,deepthought,D,2,general_knowledge,0.36744816390909685,best,0,1.9,2.0
745,u970,p176,deepthought,C,,,0.4236798950378309,best,2,,
746,u970,p575,deepthought,C,2,general_knowledge,0.39674791111987573,best,0,2.0,3.0
747,u970,p975,deepthought,A,2,general_knowledge,0.12209558888904057,worst,0,4.0,7.0
748,u970,p169,deepthought,C,3,little_knowledge,0.22979708487889156,best,0,2.7,4.0
749,u970,p523,deepthought,B,2,general_knowledge,0.1644361563126317,median,0,3.0,5.5
750,u970,p853,deepthought,A,2,general_knowledge,0.20378879299268357,worst,0,3.0,5.5
751,u970,p159,deepthought,C,3,little_knowledge,0.16791518385074855,median,0,1.3,1.0
752,u972,p725,opc_emulate,D,1,expert,,,0,2.0,4.0
753,u972,p890,opc_emulate,D,3,little_knowledge,,,0,3.0,7.0
754,u972,p382,opc_emulate,D,3,little_knowledge,,,0,2.0,4.0
755,u972,p383,opc_emulate,D,2,general_knowledge,,,0,1.9,2.0
756,u972,p092,opc_emulate,D,2,general_knowledge,,,0,1.7,1.0
757,u972,p407,opc_emulate,D,1,expert,,,0,2.0,4.0
758,u972,p591,opc_emulate,D,,,,,1,,
759,u972,p124,opc_emulate,D,3,little_knowledge,,,0,2.8,6.0
760,u854,p126,deepthought,B,3,little_knowledge,0.13718252389227314,worst,0,2.5,7.0
761,u854,p517,deepthought,C,1,expert,0.46050374473984557,best,0,1.5,2.5
762,u854,p079,deepthought,A,3,little_knowledge,0.1765828496242332,median,0,3.5,8.0
763,u854,p676,deepthought,A,3,little_knowledge,0.09155261760559887,worst,0,1.5,2.5
764,u854,p292,deepthought,C,2,general_knowledge,0.36129125221604586,best,0,2.1,5.0
765,u854,p217,deepthought,C,2,general_knowledge,0.3966127063713949,best,0,2.3,6.0
766,u854,p361,deepthought,D,3,little_knowledge,0.1832164118565423,median,0,1.5,2.5
767,u854,p596,deepthought,C,1,expert,0.3540936388728364,best,0,1.5,2.5
768,u470,p950,opc_emulate,C,3,little_knowledge,,,0,1.5,3.0
769,u470,p555,opc_emulate,C,2,general_knowledge,,,0,1.5,3.0
770,u470,p184,opc_emulate,C,3,little_knowledge,,,0,2.8,8.0
771,u470,p151,opc_emulate,C,3,little_knowledge,,,0,2.2,6.5
772,u470,p204,opc_emulate,C,3,little_knowledge,,,0,1.5,3.0
773,u470,p707,opc_emulate,C,3,little_knowledge,,,0,1.5,3.0
774,u470,p543,opc_emulate,C,3,little_knowledge,,,0,2.2,6.5
775,u470,p350,opc_emulate,C,3,little_knowledge,,,0,1.5,3.0
776,u589,p402,opc_emulate,C,3,little_knowledge,,,0,2.3,4.5
777,u589,p143,opc_emulate,C,2,general_knowledge,,,0,2.0,3.0
778,u589,p950,opc_emulate,C,2,general_knowledge,,,0,2.5,6.0
779,u589,p555,opc_emulate,C,3,little_knowledge,,,0,2.3,4.5
780,u589,p629,opc_emulate,C,3,little_knowledge,,,0,1.8,2.0
781,u589,p184,opc_emulate,C,3,little_knowledge,,,0,2.8,7.0
782,u589,p204,opc_emulate,C,2,general_knowledge,,,0,1.5,1.0
783,u589,p190,opc_emulate,C,3,little_knowledge,,,0,3.0,8.0
784,u586,p952,deepthought,C,1,expert,0.41309712114764946,best,0,2.0,4.5
785,u586,p118,deepthought,C,1,expert,0.2978331449542223,best,0,2.2,7.0
786,u586,p367,deepthought,C,2,general_knowledge,0.4952761215014423,best,0,1.6,2.5
787,u586,p971,deepthought,A,3,little_knowledge,0.18000364292004434,median,0,2.4,8.0
788,u586,p217,deepthought,C,1,expert,0.4969489976104507,best,0,2.1,6.0
789,u586,p987,deepthought,A,3,little_knowledge,0.09855910856556682,worst,0,1.6,2.5
790,u586,p136,deepthought,B,3,little_knowledge,0.1279905167974702,worst,0,2.0,4.5
791,u586,p853,deepthought,A,3,little_knowledge,0.18778006754389173,median,0,1.5,1.0
792,u832,p682,opc_emulate,A,1,expert,,,0,3.5,8.0
793,u832,p660,opc_emulate,A,1,expert,,,0,3.0,7.0
794,u832,p148,opc_emulate,A,2,general_knowledge,,,0,2.0,2.0
795,u832,p730,opc_emulate,A,2,general_knowledge,,,0,2.5,6.0
796,u832,p252,opc_emulate,A,3,little_knowledge,,,0,2.1,3.5
797,u832,p619,opc_emulate,A,2,general_knowledge,,,0,2.1,3.5
798,u832,p433,opc_emulate,A,3,little_knowledge,,,0,2.2,5.0
799,u832,p177,opc_emulate,A,2,general_knowledge,,,0,1.8,1.0
800,u665,p617,deepthought,C,2,general_knowledge,0.24149615023131837,median,0,3.0,7.0
801,u665,p126,deepthought,B,2,general_knowledge,0.3392537544344099,best,0,2.5,6.0
802,u665,p002,deepthought,A,1,expert,0.6772598396180687,best,0,2.0,3.0
803,u665,p133,deepthought,C,2,general_knowledge,0.1502438223849714,worst,0,1.5,1.0
804,u665,p917,deepthought,A,1,expert,0.5273961688622534,best,0,2.2,4.0
805,u665,p736,deepthought,D,2,general_knowledge,0.21711989959075947,worst,0,2.3,5.0
806,u665,p153,deepthought,A,,,0.5124175023512747,best,1,,
807,u665,p108,deepthought,D,2,general_knowledge,0.24232120009120722,median,0,1.9,2.0
808,u307,p240,deepthought,D,3,little_knowledge,0.15710947852517826,worst,0,2.4,3.0
809,u307,p999,deepthought,A,3,little_knowledge,0.21383943112065462,median,0,3.2,7.0
810,u307,p451,deepthought,B,3,little_knowledge,0.16214155062568233,worst,0,2.6,5.0
811,u307,p070,deepthought,D,2,general_knowledge,0.2407599125197699,best,0,1.9,1.0
812,u307,p785,deepthought,C,1,expert,0.33659437110287205,best,0,3.5,8.0
813,u307,p700,deepthought,D,2,general_knowledge,0.21475265635528715,median,0,2.5,4.0
814,u307,p561,deepthought,D,2,general_knowledge,0.34774933361012533,best,0,2.8,6.0
815,u307,p023,deepthought,B,2,general_knowledge,0.3592750659746613,best,0,2.3,2.0
816,u483,p402,opc_emulate,C,3,little_knowledge,,,0,1.8,5.0
817,u483,p629,opc_emulate,C,2,general_knowledge,,,0,1.7,4.0
818,u483,p151,opc_emulate,C,2,general_knowledge,,,0,1.4,1.0
819,u483,p707,opc_emulate,C,2,general_knowledge,,,0,2.5,8.0
820,u483,p190,opc_emulate,C,2,general_knowledge,,,0,1.6,3.0
821,u483,p350,opc_emulate,C,2,general_knowledge,,,0,1.5,2.0
822,u483,p914,opc_emulate,C,2,general_knowledge,,,0,2.2,6.0
823,u483,p778,opc_emulate,C,2,general_knowledge,,,0,2.3,7.0
824,u965,p143,opc_emulate,C,2,general_knowledge,,,0,2.1,2.0
825,u965,p950,opc_emulate,C,3,little_knowledge,,,0,2.5,3.5
826,u965,p555,opc_emulate,C,3,little_knowledge,,,0,2.8,5.0
827,u965,p629,opc_emulate,C,3,little_knowledge,,,0,3.1,6.5
828,u965,p184,opc_emulate,C,2,general_knowledge,,,0,4.0,8.0
829,u965,p151,opc_emulate,C,2,general_knowledge,,,0,1.8,1.0
830,u965,p543,opc_emulate,C,3,little_knowledge,,,0,2.5,3.5
831,u965,p778,opc_emulate,C,2,general_knowledge,,,0,3.1,6.5
832,u029,p573,opc_emulate,B,1,expert,,,0,3.0,6.0
833,u029,p666,opc_emulate,B,1,expert,,,0,1.4,3.0
834,u029,p463,opc_emulate,B,2,general_knowledge,,,0,2.5,5.0
835,u029,p603,opc_emulate,B,3,little_knowledge,,,0,3.3,7.0
836,u029,p695,opc_emulate,B,1,expert,,,0,1.3,2.0
837,u029,p859,opc_emulate,B,3,little_knowledge,,,0,2.4,4.0
838,u029,p222,opc_emulate,B,3,little_knowledge,,,0,3.8,8.0
839,u029,p653,opc_emulate,B,2,general_knowledge,,,0,1.2,1.0
840,u222,p211,opc_emulate,A,3,little_knowledge,,,0,2.4,2.0
841,u222,p730,opc_emulate,A,2,general_knowledge,,,0,3.0,5.5
842,u222,p386,opc_emulate,A,2,general_knowledge,,,0,1.5,1.0
843,u222,p087,opc_emulate,A,2,general_knowledge,,,0,3.5,7.0
844,u222,p619,opc_emulate,A,2,general_knowledge,,,0,2.7,4.0
845,u222,p474,opc_emulate,A,1,expert,,,0,4.0,8.0
846,u222,p433,opc_emulate,A,2,general_knowledge,,,0,3.0,5.5
847,u222,p393,opc_emulate,A,3,little_knowledge,,,0,2.5,3.0
848,u511,p947,deepthought,D,2,general_knowledge,0.22256117117150756,median,0,3.0,6.5
849,u511,p933,deepthought,D,2,general_knowledge,0.5356361104210094,best,0,3.0,6.5
850,u511,p174,deepthought,A,3,little_knowledge,0.1683945928877041,worst,0,2.5,4.0
851,u511,p824,deepthought,D,2,general_knowledge,0.5198376330798468,best,0,1.5,1.0
852,u511,p079,deepthought,A,3,little_knowledge,0.1358756899129021,worst,0,2.5,4.0
853,u511,p501,deepthought,D,2,general_knowledge,0.46520711185253577,best,0,4.0,8.0
854,u511,p241,deepthought,C,3,little_knowledge,0.3185402992022446,median,0,2.5,4.0
855,u511,p361,deepthought,D,2,general_knowledge,0.38881369408043615,best,0,2.0,2.0
856,u184,p572,deepthought,C,1,expert,0.20993544405980819,median,0,3.3,5.0
857,u184,p492,deepthought,D,2,general_knowledge,0.2265746475666531,median,0,3.0,4.0
858,u184,p176,deepthought,C,1,expert,0.58890087379608,best,0,2.0,2.0
859,u184,p400,deepthought,A,,,0.19702931094117115,worst,1,,
860,u184,p517,deepthought,C,,,0.5643962635578852,best,2,,
861,u184,p292,deepthought,C,1,expert,0.4082212060116267,best,0,1.5,1.0
862,u184,p169,deepthought,C,2,general_knowledge,0.254095833569057,best,0,4.0,6.0
863,u184,p760,deepthought,A,2,general_knowledge,0.15041866838221102,worst,0,2.4,3.0
864,u365,p950,opc_emulate,C,,,,,1,,
865,u365,p555,opc_emulate,C,3,little_knowledge,,,0,1.8,1.0
866,u365,p204,opc_emulate,C,1,expert,,,0,2.5,2.5
867,u365,p190,opc_emulate,C,3,little_knowledge,,,0,3.5,5.0
868,u365,p543,opc_emulate,C,3,little_knowledge,,,0,2.9,4.0
869,u365,p728,opc_emulate,C,3,little_knowledge,,,0,2.5,2.5
870,u365,p350,opc_emulate,C,,,,,1,,
871,u365,p914,opc_emulate,C,,,,,1,,
888,u910,p211,opc_emulate,A,1,expert,,,0,1.5,1.5
889,u910,p682,opc_emulate,A,2,general_knowledge,,,0,3.8,8.0
890,u910,p033,opc_emulate,A,2,general_knowledge,,,0,2.5,4.0
891,u910,p386,opc_emulate,A,1,expert,,,0,2.8,5.5
892,u910,p087,opc_emulate,A,2,general_knowledge,,,0,2.0,3.0
893,u910,p619,opc_emulate,A,2,general_knowledge,,,0,2.8,5.5
894,u910,p474,opc_emulate,A,2,general_knowledge,,,0,3.2,7.0
895,u910,p393,opc_emulate,A,2,general_knowledge,,,0,1.5,1.5
896,u371,p059,deepthought,D,3,little_knowledge,0.10471555980973621,worst,0,2.0,3.5
897,u371,p002,deepthought,A,1,expert,0.7236083726634445,best,0,2.0,3.5
898,u371,p804,deepthought,A,1,expert,0.21144965468071594,best,0,4.0,8.0
899,u371,p919,deepthought,D,3,little_knowledge,0.20013503600465835,median,0,3.5,6.5
900,u371,p472,deepthought,D,3,little_knowledge,0.13550273028599072,worst,0,1.5,1.5
901,u371,p924,deepthought,A,2,general_knowledge,0.40148615891211065,best,0,3.0,5.0
902,u371,p676,deepthought,A,1,expert,0.6049639725639157,best,0,1.5,1.5
903,u371,p341,deepthought,D,3,little_knowledge,0.2037987767678992,median,0,3.5,6.5
904,u675,p793,deepthought,D,2,general_knowledge,0.2008183097081367,worst,0,3.0,7.0
905,u675,p174,deepthought,A,3,little_knowledge,0.22959077496070823,median,0,1.8,2.0
906,u675,p334,deepthought,D,1,expert,0.22696944950261108,median,0,2.6,6.0
907,u675,p924,deepthought,A,3,little_knowledge,0.16038345640005985,worst,0,1.9,3.5
908,u675,p057,deepthought,D,1,expert,0.3823308893719957,best,0,3.1,8.0
909,u675,p511,deepthought,D,2,general_knowledge,0.3206712780793721,best,0,1.9,3.5
910,u675,p561,deepthought,D,1,expert,0.33225761322314173,best,0,2.4,5.0
911,u675,p023,deepthought,B,2,general_knowledge,0.4055168310871589,best,0,1.5,1.0
928,u568,p666,opc_emulate,B,2,general_knowledge,,,0,4.0,8.0
929,u568,p698,opc_emulate,B,2,general_knowledge,,,0,1.5,1.0
930,u568,p435,opc_emulate,B,2,general_knowledge,,,0,3.0,4.5
931,u568,p695,opc_emulate,B,2,general_knowledge,,,0,3.5,6.5
932,u568,p859,opc_emulate,B,3,little_knowledge,,,0,2.5,2.5
933,u568,p222,opc_emulate,B,3,little_knowledge,,,0,3.0,4.5
934,u568,p447,opc_emulate,B,3,little_knowledge,,,0,2.5,2.5
935,u568,p358,opc_emulate,B,3,little_knowledge,,,0,3.5,6.5
936,u945,p575,deepthought,C,1,expert,0.6424757614276249,best,0,4.2,7.0
937,u945,p562,deepthought,A,2,general_knowledge,0.1925137056408548,worst,0,1.0,1.0
938,u945,p370,deepthought,C,1,expert,0.6540014094215824,best,0,1.5,2.0
939,u945,p785,deepthought,C,1,expert,0.23259512365450025,median,0,1.6,3.0
940,u945,p193,deepthought,C,,,0.5079565972303045,best,2,,
941,u945,p917,deepthought,A,2,general_knowledge,0.12888500330162367,worst,0,2.0,5.0
942,u945,p238,deepthought,D,3,little_knowledge,0.2352521506816243,median,0,2.1,6.0
943,u945,p169,deepthought,C,2,general_knowledge,0.30206359469953803,best,0,1.8,4.0
944,u275,p243,deepthought,D,2,general_knowledge,0.23500077080865797,best,0,3.0,6.5
945,u275,p236,deepthought,B,2,general_knowledge,0.2540273082508068,worst,0,2.5,4.0
946,u275,p002,deepthought,A,3,little_knowledge,0.2684490447297088,median,0,2.0,2.0
947,u275,p804,deepthought,A,3,little_knowledge,0.17108499049187403,worst,0,2.5,4.0
948,u275,p319,deepthought,D,,,0.4224451784109552,best,1,,
949,u275,p472,deepthought,D,1,expert,0.44117172509603303,best,0,1.5,1.0
950,u275,p760,deepthought,A,3,little_knowledge,0.261471312593476,median,0,3.0,6.5
951,u275,p504,deepthought,D,2,general_knowledge,0.4929776963930059,best,0,2.5,4.0
952,u544,p103,deepthought,D,2,general_knowledge,0.28528200287512484,best,0,1.3,4.0
953,u544,p400,deepthought,A,2,general_knowledge,0.2586979464404544,median,0,1.0,1.5
954,u544,p793,deepthought,D,,,0.44337522496600795,best,1,,
955,u544,p319,deepthought,D,2,general_knowledge,0.26979259380852155,worst,0,1.5,5.0
956,u544,p983,deepthought,D,2,general_knowledge,0.4506885908662689,best,0,3.0,7.0
957,u544,p027,deepthought,D,2,general_knowledge,0.3728434225445895,best,0,1.2,3.0
958,u544,p561,deepthought,D,3,little_knowledge,0.13002340023853068,worst,0,1.0,1.5
959,u544,p760,deepthought,A,3,little_knowledge,0.25821559667341426,median,0,2.5,6.0
960,u100,p492,deepthought,D,1,expert,0.2816220443451089,best,0,2.3,7.0
961,u100,p400,deepthought,A,1,expert,0.20402563403369198,median,0,1.5,2.0
962,u100,p654,deepthought,D,1,expert,0.2618592736693711,best,0,2.0,4.5
963,u100,p975,deepthought,A,2,general_knowledge,0.2122370591372885,median,0,2.0,4.5
964,u100,p511,deepthought,D,1,expert,0.35144857552083136,best,0,2.0,4.5
965,u100,p116,deepthought,A,2,general_knowledge,0.12931174348177304,worst,0,2.0,4.5
966,u100,p361,deepthought,D,,,0.5245267161251936,best,2,,
967,u100,p978,deepthought,B,2,general_knowledge,0.1536933813154962,worst,0,1.4,1.0
968,u374,p126,deepthought,B,1,expert,0.4171731036158801,best,0,2.2,5.0
969,u374,p813,deepthought,B,,,0.6724018800837691,best,1,,
970,u374,p232,deepthought,D,1,expert,0.4776989500734412,best,0,1.5,1.5
971,u374,p706,deepthought,C,2,general_knowledge,0.25356143508003187,best,0,3.5,7.0
972,u374,p057,deepthought,D,3,little_knowledge,0.23527866423671856,median,0,2.0,3.5
973,u374,p929,deepthought,C,3,little_knowledge,0.08838027536530696,worst,0,3.0,6.0
974,u374,p581,deepthought,A,3,little_knowledge,0.20794731646125877,worst,0,2.0,3.5
975,u374,p978,deepthought,B,2,general_knowledge,0.23754840546518094,median,0,1.5,1.5
976,u652,p933,deepthought,D,3,little_knowledge,0.20912839139080933,median,0,3.5,6.0
977,u652,p118,deepthought,C,3,little_knowledge,0.12998377415848042,median,0,1.5,1.0
978,u652,p205,deepthought,B,,,0.3191768942034951,best,1,,
979,u652,p517,deepthought,C,3,little_knowledge,0.13853186184342525,worst,0,2.5,4.5
980,u652,p079,deepthought,A,1,expert,0.6217308304852253,best,0,4.0,7.0
981,u652,p676,deepthought,A,1,expert,0.6046474654177534,best,0,2.5,4.5
982,u652,p153,deepthought,A,2,general_knowledge,0.37233580924506443,best,0,2.0,2.5
983,u652,p108,deepthought,D,3,little_knowledge,0.19834138360426545,worst,0,2.0,2.5
984,u999,p059,deepthought,D,3,little_knowledge,0.14074207297965252,worst,0,2.3,1.5
985,u999,p952,deepthought,C,3,little_knowledge,0.1871239350238228,median,0,2.5,4.0
986,u999,p562,deepthought,A,1,expert,0.5908527372093395,best,0,3.5,7.5
987,u999,p174,deepthought,A,1,expert,0.5351640027579303,best,0,3.2,6.0
988,u999,p312,deepthought,B,2,general_knowledge,0.24857403573998654,best,0,2.3,1.5
989,u999,p824,deepthought,D,3,little_knowledge,0.17458377669250622,worst,0,2.7,5.0
990,u999,p385,deepthought,B,2,general_knowledge,0.38464524987544585,best,0,2.4,3.0
991,u999,p884,deepthought,D,3,little_knowledge,0.24250392652199265,median,0,3.5,7.5
992,u772,p919,deepthought,D,,,0.5491270672434873,best,1,,
993,u772,p706,deepthought,C,2,general_knowledge,0.22663706631153613,median,0,3.0,6.0
994,u772,p676,deepthought,A,3,little_knowledge,0.22535154096773313,median,0,1.7,3.0
995,u772,p280,deepthought,D,2,general_knowledge,0.3495709651489761,best,0,2.4,5.0
996,u772,p238,deepthought,D,2,general_knowledge,0.210942923863534,best,0,1.5,1.5
997,u772,p511,deepthought,D,2,general_knowledge,0.17867777631413212,worst,0,1.5,1.5
998,u772,p341,deepthought,D,1,expert,0.684872853854019,best,1,,
999,u772,p022,deepthought,D,2,general_knowledge,0.16123128045089757,worst,0,1.8,4.0
1000,u340,p248,deepthought,B,3,little_knowledge,0.22497652301452942,median,0,2.7,6.0
1001,u340,p572,deepthought,C,2,general_knowledge,0.2430566466672687,median,0,1.5,1.0
1002,u340,p176,deepthought,C,,,0.5180312099526613,best,1,,
1003,u340,p999,deepthought,A,3,little_knowledge,0.12281245179688095,worst,0,1.8,4.0
1004,u340,p174,deepthought,A,3,little_knowledge,0.17047359154035724,worst,0,1.7,3.0
1005,u340,p517,deepthought,C,1,expert,0.5393675958255406,best,0,1.6,2.0
1006,u340,p193,deepthought,C,1,expert,0.42386978100351047,best,0,2.4,5.0
1007,u340,p292,deepthought,C,1,expert,0.4324283261378971,best,0,3.5,7.0
1016,u384,p632,deepthought,D,1,expert,0.35583525183329134,best,0,2.1,4.0
1017,u384,p575,deepthought,C,3,little_knowledge,0.17639707714303435,median,0,3.0,8.0
1018,u384,p002,deepthought,A,3,little_knowledge,0.1273002003783431,worst,0,1.4,1.0
1019,u384,p564,deepthought,D,2,general_knowledge,0.5335380253628,best,0,2.0,3.0
1020,u384,p057,deepthought,D,3,little_knowledge,0.27173902975719866,best,0,2.4,6.0
1021,u384,p470,deepthought,D,2,general_knowledge,0.3037280882141314,best,0,2.3,5.0
1022,u384,p523,deepthought,B,3,little_knowledge,0.1659067319316574,median,0,2.7,7.0
1023,u384,p920,deepthought,A,3,little_knowledge,0.11132816195411425,worst,0,1.6,2.0
1024,u836,p240,deepthought,D,1,expert,0.5317107302509638,best,0,3.5,7.0
1025,u836,p360,deepthought,D,1,expert,0.4264713732238679,best,0,3.0,6.0
1026,u836,p517,deepthought,C,2,general_knowledge,0.2561747699683331,median,0,1.5,1.0
1027,u836,p193,deepthought,C,2,general_knowledge,0.2488233300433553,median,0,2.0,2.0
1028,u836,p334,deepthought,D,3,little_knowledge,0.1442956827243726,worst,0,2.5,4.0
1029,u836,p280,deepthought,D,1,expert,0.3974211849428597,best,0,2.5,4.0
1030,u836,p975,deepthought,A,3,little_knowledge,0.20822565692598385,worst,0,2.5,4.0
1031,u836,p504,deepthought,D,,,0.5945212957629455,best,1,,
1032,u844,p086,deepthought,B,2,general_knowledge,0.20022391373794804,worst,0,3.0,6.0
1033,u844,p400,deepthought,A,2,general_knowledge,0.47722487738565267,best,0,2.7,5.0
1034,u844,p060,deepthought,D,1,expert,0.44191040060007103,best,0,2.4,4.0
1035,u844,p367,deepthought,C,3,little_knowledge,0.17156691281824257,worst,0,1.5,1.0
1036,u844,p319,deepthought,D,3,little_knowledge,0.28381676466832473,median,0,4.0,8.0
1037,u844,p280,deepthought,D,3,little_knowledge,0.31197456212882263,best,0,1.9,2.0
1038,u844,p046,deepthought,D,1,expert,0.42743148937612124,best,0,2.2,3.0
1039,u844,p920,deepthought,A,2,general_knowledge,0.27391904661400146,median,0,3.2,7.0
1048,u913,p126,deepthought,B,3,little_knowledge,0.3241225841179619,best,0,2.5,7.5
1049,u913,p236,deepthought,B,3,little_knowledge,0.4814416831511341,best,0,2.0,2.5
1050,u913,p562,deepthought,A,3,little_knowledge,0.4969980983284185,best,0,1.5,1.0
1051,u913,p835,deepthought,B,3,little_knowledge,0.2604968448745807,median,0,2.4,6.0
1052,u913,p472,deepthought,D,3,little_knowledge,0.1758596200363485,worst,0,2.0,2.5
1053,u913,p385,deepthought,B,3,little_knowledge,0.27042099362374106,median,0,2.2,4.0
1054,u913,p292,deepthought,C,3,little_knowledge,0.11069287340012371,worst,0,2.5,7.5
1055,u913,p030,deepthought,B,3,little_knowledge,0.34088044216577884,best,0,2.3,5.0
1056,u219,p947,deepthought,D,,,0.3945171320018115,best,1,,
1057,u219,p012,deepthought,B,2,general_knowledge,0.23345442118324117,median,0,1.5,2.0
1058,u219,p400,deepthought,A,3,little_knowledge,0.20913029510455608,worst,0,2.0,3.0
1059,u219,p232,deepthought,D,1,expert,0.4068949804478935,best,0,1.2,1.0
1060,u219,p654,deepthought,D,3,little_knowledge,0.2421442313001049,best,0,2.5,5.5
1061,u219,p292,deepthought,C,3,little_knowledge,0.13067827807611962,worst,0,3.5,7.0
1062,u219,p983,deepthought,D,2,general_knowledge,0.39814547192328675,best,0,2.2,4.0
1063,u219,p116,deepthought,A,3,little_knowledge,0.20813984586027867,median,0,2.5,5.5
1064,u811,p725,opc_emulate,D,2,general_knowledge,,,0,3.0,6.5
1065,u811,p890,opc_emulate,D,2,general_knowledge,,,0,3.3,8.0
1066,u811,p382,opc_emulate,D,2,general_knowledge,,,0,2.3,3.0
1067,u811,p383,opc_emulate,D,3,little_knowledge,,,0,2.0,1.0
1068,u811,p092,opc_emulate,D,3,little_knowledge,,,0,2.5,4.0
1069,u811,p407,opc_emulate,D,1,expert,,,0,2.2,2.0
1070,u811,p591,opc_emulate,D,3,little_knowledge,,,0,2.7,5.0
1071,u811,p124,opc_emulate,D,2,general_knowledge,,,0,3.0,6.5
1072,u800,p617,deepthought,C,2,general_knowledge,0.16405673736050738,worst,0,2.3,3.5
1073,u800,p952,deepthought,C,2,general_knowledge,0.17217150224000066,median,0,1.5,1.0
1074,u800,p079,deepthought,A,1,expert,0.5868274717970776,best,0,2.8,6.0
1075,u800,p924,deepthought,A,1,expert,0.4786962937520995,best,0,2.3,3.5
1076,u800,p676,deepthought,A,1,expert,0.5580520246105426,best,0,3.0,7.0
1077,u800,p238,deepthought,D,3,little_knowledge,0.09846145250186639,worst,0,4.0,8.0
1078,u800,p470,deepthought,D,2,general_knowledge,0.21727646858029762,median,0,2.5,5.0
1079,u800,p159,deepthought,C,3,little_knowledge,0.12044805523560646,best,0,2.0,2.0
1088,u322,p141,deepthought,A,1,expert,0.47912876548697975,best,0,1.8,1.0
1089,u322,p201,deepthought,A,1,expert,0.2875445115801669,best,0,2.6,7.0
1090,u322,p797,deepthought,D,3,little_knowledge,0.19367772770030106,worst,0,2.5,4.5
1091,u322,p205,deepthought,B,2,general_knowledge,0.37440560542298057,best,0,2.5,4.5
1092,u322,p185,deepthought,B,2,general_knowledge,0.4456896409641221,best,0,3.0,8.0
1093,u322,p451,deepthought,B,1,expert,0.22353378092471754,median,0,2.0,2.0
1094,u322,p217,deepthought,C,3,little_knowledge,0.16344736545656768,worst,0,2.5,4.5
1095,u322,p027,deepthought,D,3,little_knowledge,0.21747061683851426,median,0,2.5,4.5
1096,u749,p725,opc_emulate,D,2,general_knowledge,,,0,1.7,4.0
1097,u749,p997,opc_emulate,D,2,general_knowledge,,,0,2.1,5.0
1098,u749,p890,opc_emulate,D,2,general_knowledge,,,0,2.5,6.0
1099,u749,p382,opc_emulate,D,2,general_knowledge,,,0,2.7,7.0
1100,u749,p383,opc_emulate,D,2,general_knowledge,,,0,1.1,2.5
1101,u749,p092,opc_emulate,D,2,general_knowledge,,,0,1.1,2.5
1102,u749,p591,opc_emulate,D,2,general_knowledge,,,0,1.0,1.0
1103,u749,p124,opc_emulate,D,2,general_knowledge,,,0,3.0,8.0
1104,u418,p272,deepthought,C,3,little_knowledge,0.0909971293615692,worst,0,3.3,5.0
1105,u418,p240,deepthought,D,3,little_knowledge,0.1546836487293229,worst,0,1.5,1.0
1106,u418,p528,deepthought,A,3,little_knowledge,0.39551768579702473,best,0,1.7,2.0
1107,u418,p220,deepthought,A,2,general_knowledge,0.19551461785515176,median,0,3.5,6.0
1108,u418,p501,deepthought,D,3,little_knowledge,0.20304771736542088,median,0,2.5,3.0
1109,u418,p511,deepthought,D,,,0.3097257640426465,best,2,,
1110,u418,p760,deepthought,A,2,general_knowledge,0.49782792979020274,best,0,3.0,4.0
1111,u418,p929,deepthought,C,3,little_knowledge,0.11128960313392747,best,0,5.0,7.0
1112,u378,p005,opc_emulate,B,1,expert,,,0,3.5,5.5
1113,u378,p666,opc_emulate,B,1,expert,,,0,2.0,1.0
1114,u378,p698,opc_emulate,B,2,general_knowledge,,,0,2.5,2.5
1115,u378,p463,opc_emulate,B,1,expert,,,0,3.5,5.5
1116,u378,p435,opc_emulate,B,1,expert,,,0,2.5,2.5
1117,u378,p695,opc_emulate,B,2,general_knowledge,,,0,4.0,7.0
1118,u378,p222,opc_emulate,B,2,general_knowledge,,,0,4.5,8.0
1119,u378,p447,opc_emulate,B,1,expert,,,0,3.25,4.0
1120,u550,p575,deepthought,C,2,general_knowledge,0.2198626743673115,median,0,3.0,7.0
1121,u550,p232,deepthought,D,1,expert,0.5662931853515403,best,0,2.7,5.0
1122,u550,p360,deepthought,D,1,expert,0.41378099237272026,best,0,1.7,1.0
1123,u550,p919,deepthought,D,1,expert,0.5348445603546672,best,0,3.0,7.0
1124,u550,p193,deepthought,C,2,general_knowledge,0.21912588006468975,median,0,3.0,7.0
1125,u550,p334,deepthought,D,3,little_knowledge,0.12115599490564036,worst,0,2.5,3.5
1126,u550,p977,deepthought,B,2,general_knowledge,0.3170240212485447,best,0,2.0,2.0
1127,u550,p241,deepthought,C,3,little_knowledge,0.5304054301357883,worst,0,2.5,3.5
1128,u563,p248,deepthought,B,3,little_knowledge,0.1367790811733709,worst,0,4.0,7.0
1129,u563,p059,deepthought,D,3,little_knowledge,0.3352174245175521,best,0,2.9,4.0
1130,u563,p370,deepthought,C,3,little_knowledge,0.18370640616704276,median,0,4.2,8.0
1131,u563,p334,deepthought,D,1,expert,0.2631876498944984,best,0,2.6,2.0
1132,u563,p924,deepthought,A,3,little_knowledge,0.12647502263605803,worst,0,3.0,5.0
1133,u563,p169,deepthought,C,3,little_knowledge,0.18396528592536243,median,0,3.8,6.0
1134,u563,p581,deepthought,A,2,general_knowledge,0.3787986706375194,best,0,1.5,1.0
1135,u563,p920,deepthought,A,2,general_knowledge,0.34904273963331506,best,0,2.8,3.0
1136,u481,p086,deepthought,B,2,general_knowledge,0.1954908809414231,best,0,1.3,1.0
1137,u481,p201,deepthought,A,2,general_knowledge,0.24513745917257992,median,0,3.0,6.0
1138,u481,p060,deepthought,D,1,expert,0.4769166884099486,best,0,2.5,5.0
1139,u481,p280,deepthought,D,2,general_knowledge,0.24276735406373792,median,0,3.7,7.0
1140,u481,p977,deepthought,B,2,general_knowledge,0.19462682397701886,worst,0,2.3,4.0
1141,u481,p027,deepthought,D,1,expert,0.43622932791167646,best,1,,
1142,u481,p046,deepthought,D,1,expert,0.468263854969989,best,0,2.0,2.5
1143,u481,p159,deepthought,C,3,little_knowledge,0.1579462153878284,worst,0,2.0,2.5
1144,u208,p947,deepthought,D,3,little_knowledge,0.1999338573017767,worst,0,2.7,8.0
1145,u208,p133,deepthought,C,3,little_knowledge,0.15620442448558997,worst,0,1.4,1.0
1146,u208,p824,deepthought,D,2,general_knowledge,0.21386923457528711,median,0,2.2,7.0
1147,u208,p202,deepthought,B,3,little_knowledge,0.41745425175700657,best,0,2.0,6.0
1148,u208,p472,deepthought,D,3,little_knowledge,0.481075918063735,best,0,1.8,4.5
1149,u208,p987,deepthought,A,3,little_knowledge,0.31194985121113994,best,0,1.8,4.5
1150,u208,p326,deepthought,D,3,little_knowledge,0.40843775362434587,best,0,1.5,2.5
1151,u208,p153,deepthought,A,3,little_knowledge,0.2393867195152299,median,0,1.5,2.5
1160,u512,p933,deepthought,D,3,little_knowledge,0.4031347139751785,best,0,2.5,6.5
1161,u512,p070,deepthought,D,2,general_knowledge,0.3192402355272721,best,0,1.1,1.0
1162,u512,p700,deepthought,D,2,general_knowledge,0.4122353911097394,best,0,1.7,5.0
1163,u512,p501,deepthought,D,3,little_knowledge,0.37333534529101464,best,0,1.2,2.5
1164,u512,p385,deepthought,B,3,little_knowledge,0.12902367272300586,worst,0,1.5,4.0
1165,u512,p292,deepthought,C,3,little_knowledge,0.22174053091907492,median,0,1.2,2.5
1166,u512,p280,deepthought,D,,,0.21452397864814732,worst,1,,
1167,u512,p169,deepthought,C,3,little_knowledge,0.22682089751259282,median,0,2.5,6.5
1168,u927,p947,deepthought,D,2,general_knowledge,0.15001473760620354,worst,0,3.0,5.5
1169,u927,p243,deepthought,D,3,little_knowledge,0.12108404869403294,worst,0,2.0,2.0
1170,u927,p360,deepthought,D,3,little_knowledge,0.1773362745259444,median,0,2.0,2.0
1171,u927,p430,deepthought,A,2,general_knowledge,0.30506060977794647,best,0,3.0,5.5
1172,u927,p564,deepthought,D,3,little_knowledge,0.1582407661119143,median,0,2.0,2.0
1173,u927,p987,deepthought,A,,,0.2902775326195502,best,1,,
1174,u927,p116,deepthought,A,2,general_knowledge,0.29467607556175773,best,0,3.0,5.5
1175,u927,p978,deepthought,B,2,general_knowledge,0.3581317027506848,best,0,3.0,5.5
1176,u980,p492,deepthought,D,,,0.3084243090168437,best,1,,
1177,u980,p999,deepthought,A,2,general_knowledge,0.230607666664155,median,0,1.4,1.5
1178,u980,p472,deepthought,D,2,general_knowledge,0.3631458614192999,best,0,1.4,1.5
1179,u980,p785,deepthought,C,2,general_knowledge,0.3386772758344407,best,0,3.5,6.0
1180,u980,p079,deepthought,A,3,little_knowledge,0.2304182976057207,median,0,2.1,4.5
1181,u980,p334,deepthought,D,2,general_knowledge,0.4424366405582312,best,0,3.8,7.0
1182,u980,p654,deepthought,D,2,general_knowledge,0.16240646281236887,worst,0,2.1,4.5
1183,u980,p470,deepthought,D,3,little_knowledge,0.23266035722603012,worst,0,1.8,3.0
1184,u981,p641,deepthought,B,1,expert,0.4146585630893483,best,0,3.0,5.0
1185,u981,p955,deepthought,C,3,little_knowledge,0.08578992431955026,worst,0,1.9,2.0
1186,u981,p185,deepthought,B,2,general_knowledge,0.21963212296123164,median,0,2.4,4.0
1187,u981,p654,deepthought,D,2,general_knowledge,0.22373726467347402,median,0,2.1,3.0
1188,u981,p987,deepthought,A,,,0.39202435037276073,best,1,,
1189,u981,p884,deepthought,D,3,little_knowledge,0.15983727201845313,worst,0,3.2,6.0
1190,u981,p136,deepthought,B,1,expert,0.40701009918148257,best,0,1.5,1.0
1191,u981,p978,deepthought,B,,,0.46918495372889313,best,1,,
1192,u617,p950,opc_emulate,C,2,general_knowledge,,,0,1.5,1.5
1193,u617,p555,opc_emulate,C,2,general_knowledge,,,0,2.7,5.0
1194,u617,p184,opc_emulate,C,2,general_knowledge,,,0,3.3,7.0
1195,u617,p204,opc_emulate,C,2,general_knowledge,,,0,1.5,1.5
1196,u617,p190,opc_emulate,C,3,little_knowledge,,,0,4.0,8.0
1197,u617,p543,opc_emulate,C,3,little_knowledge,,,0,3.0,6.0
1198,u617,p728,opc_emulate,C,3,little_knowledge,,,0,2.5,4.0
1199,u617,p914,opc_emulate,C,2,general_knowledge,,,0,2.0,3.0
1200,u344,p933,deepthought,D,3,little_knowledge,0.14018095327436267,worst,0,2.9,5.0
1201,u344,p451,deepthought,B,,,0.3237068280066217,best,1,,
1202,u344,p193,deepthought,C,3,little_knowledge,0.09502244709417547,worst,0,3.0,6.5
1203,u344,p241,deepthought,C,3,little_knowledge,0.17407487976632005,median,0,2.7,2.0
1204,u344,p800,deepthought,B,2,general_knowledge,0.42981503990638276,best,0,2.8,4.0
1205,u344,p027,deepthought,D,3,little_knowledge,0.1755489694245823,median,0,2.7,2.0
1206,u344,p929,deepthought,C,3,little_knowledge,0.09570607532321146,best,0,3.0,6.5
1207,u344,p920,deepthought,A,3,little_knowledge,0.31708240115510106,best,0,2.7,2.0
1208,u161,p400,deepthought,A,1,expert,0.45975918163977625,best,0,3.1,7.0
1209,u161,p118,deepthought,C,3,little_knowledge,0.1320593832213372,worst,0,1.5,2.0
1210,u161,p804,deepthought,A,1,expert,0.20234935996897077,best,0,2.0,3.0
1211,u161,p528,deepthought,A,2,general_knowledge,0.44673599313644063,best,0,2.7,4.0
1212,u161,p220,deepthought,A,1,expert,0.22597033202698566,median,0,3.3,8.0
1213,u161,p430,deepthought,A,1,expert,0.3575271449689097,best,0,2.8,5.0
1214,u161,p319,deepthought,D,3,little_knowledge,0.21074774248471675,worst,0,3.0,6.0
1215,u161,p917,deepthought,A,2,general_knowledge,0.21405158040803388,median,0,1.3,1.0
1216,u415,p056,opc_emulate,D,3,little_knowledge,,,0,2.3,6.0
1217,u415,p444,opc_emulate,D,2,general_knowledge,,,0,2.5,8.0
1218,u415,p997,opc_emulate,D,3,little_knowledge,,,0,1.5,1.0
1219,u415,p563,opc_emulate,D,2,general_knowledge,,,0,2.4,7.0
1220,u415,p767,opc_emulate,D,3,little_knowledge,,,0,1.9,4.0
1221,u415,p810,opc_emulate,D,3,little_knowledge,,,0,1.8,2.5
1222,u415,p591,opc_emulate,D,3,little_knowledge,,,0,2.0,5.0
1223,u415,p224,opc_emulate,D,3,little_knowledge,,,0,1.8,2.5
1224,u284,p492,deepthought,D,2,general_knowledge,0.41063489570786704,best,0,1.5,1.0
1225,u284,p952,deepthought,C,3,little_knowledge,0.13104777821689428,worst,0,2.5,3.5
1226,u284,p103,deepthought,D,3,little_knowledge,0.14852254313119445,worst,0,2.5,3.5
1227,u284,p367,deepthought,C,3,little_knowledge,0.17815101746943657,median,0,2.0,2.0
1228,u284,p334,deepthought,D,2,general_knowledge,0.2960696533414678,best,0,3.0,5.5
1229,u284,p706,deepthought,C,2,general_knowledge,0.1891676591213598,median,0,3.0,5.5
1230,u284,p022,deepthought,D,,,0.4554541266733177,best,1,,
1231,u284,p326,deepthought,D,,,0.4728353618068806,best,1,,
1240,u004,p813,deepthought,B,1,expert,0.34177091833429707,best,0,2.5,4.5
1241,u004,p240,deepthought,D,1,expert,0.3550676078191394,best,0,1.5,1.5
1242,u004,p793,deepthought,D,,,0.24087054685414455,best,1,,
1243,u004,p622,deepthought,A,3,little_knowledge,0.19551062137016387,median,0,3.0,6.0
1244,u004,p924,deepthought,A,2,general_knowledge,0.195777941657795,median,0,2.0,3.0
1245,u004,p030,deepthought,B,2,general_knowledge,0.22550003322744175,worst,0,1.5,1.5
1246,u004,p987,deepthought,A,,,0.1333369257443917,worst,1,,
1247,u004,p504,deepthought,D,2,general_knowledge,0.36493418817412093,best,0,2.5,4.5
1248,u145,p005,opc_emulate,B,2,general_knowledge,,,0,1.9,7.0
1249,u145,p698,opc_emulate,B,1,expert,,,0,1.5,1.5
1250,u145,p463,opc_emulate,B,3,little_knowledge,,,0,1.9,7.0
1251,u145,p435,opc_emulate,B,3,little_knowledge,,,0,1.9,7.0
1252,u145,p695,opc_emulate,B,2,general_knowledge,,,0,1.8,4.5
1253,u145,p859,opc_emulate,B,3,little_knowledge,,,0,1.7,3.0
1254,u145,p447,opc_emulate,B,2,general_knowledge,,,0,1.5,1.5
1255,u145,p358,opc_emulate,B,3,little_knowledge,,,0,1.8,4.5
1256,u119,p243,deepthought,D,2,general_knowledge,0.2994193634879322,best,0,2.3,5.5
1257,u119,p562,deepthought,A,3,little_knowledge,0.22886562784097175,worst,0,1.7,2.0
1258,u119,p240,deepthought,D,2,general_knowledge,0.4533787302497231,best,0,2.1,4.0
1259,u119,p797,deepthought,D,2,general_knowledge,0.4332309062285451,best,0,2.0,3.0
1260,u119,p430,deepthought,A,3,little_knowledge,0.23791575133184256,median,0,1.6,1.0
1261,u119,p169,deepthought,C,3,little_knowledge,0.17065135915985638,worst,0,2.3,5.5
1262,u119,p341,deepthought,D,2,general_knowledge,0.586055632509931,best,0,2.7,8.0
1263,u119,p596,deepthought,C,3,little_knowledge,0.2427194519378546,median,0,2.5,7.0
1264,u267,p056,opc_emulate,D,2,general_knowledge,,,0,1.7,1.0
1265,u267,p444,opc_emulate,D,2,general_knowledge,,,0,2.3,3.5
1266,u267,p725,opc_emulate,D,2,general_knowledge,,,0,2.8,6.0
1267,u267,p890,opc_emulate,D,2,general_knowledge,,,0,3.3,8.0
1268,u267,p563,opc_emulate,D,2,general_knowledge,,,0,3.0,7.0
1269,u267,p767,opc_emulate,D,1,expert,,,0,1.8,2.0
1270,u267,p092,opc_emulate,D,2,general_knowledge,,,0,2.7,5.0
1271,u267,p810,opc_emulate,D,1,expert,,,0,2.3,3.5
1272,u891,p617,deepthought,C,3,little_knowledge,0.2742248767617627,best,0,2.2,1.0
1273,u891,p641,deepthought,B,,,0.4798475042038012,best,1,,
1274,u891,p785,deepthought,C,3,little_knowledge,0.1444836194634145,worst,0,2.4,2.5
1275,u891,p564,deepthought,D,3,little_knowledge,0.234329289411584,median,0,2.6,5.0
1276,u891,p800,deepthought,B,1,expert,0.536895938766221,best,0,3.3,7.0
1277,u891,p326,deepthought,D,3,little_knowledge,0.24936454832132116,median,0,2.4,2.5
1278,u891,p108,deepthought,D,3,little_knowledge,0.2516281446496563,worst,0,2.5,4.0
1279,u891,p978,deepthought,B,2,general_knowledge,0.48736829589984815,best,0,2.8,6.0
1280,u259,p562,deepthought,A,2,general_knowledge,0.5960077424279744,best,0,2.3,3.5
1281,u259,p999,deepthought,A,1,expert,0.4789491077235891,best,0,2.6,6.0
1282,u259,p804,deepthought,A,,,0.2604381911111541,best,1,,
1283,u259,p319,deepthought,D,2,general_knowledge,0.24217468198133713,median,0,2.3,3.5
1284,u259,p385,deepthought,B,1,expert,0.38573534803410753,best,0,1.5,1.0
1285,u259,p564,deepthought,D,3,little_knowledge,0.17025251269130415,worst,0,2.5,5.0
1286,u259,p057,deepthought,D,3,little_knowledge,0.16282498093013215,worst,0,1.9,2.0
1287,u259,p153,deepthought,A,2,general_knowledge,0.2416914686127959,median,0,2.9,7.0
1288,u630,p012,deepthought,B,1,expert,0.4367721257947851,best,0,1.6,1.5
1289,u630,p607,deepthought,D,3,little_knowledge,0.3104006834511812,worst,0,1.7,3.5
1290,u630,p185,deepthought,B,1,expert,0.4034036530581632,best,0,3.0,6.0
1291,u630,p133,deepthought,C,3,little_knowledge,0.14513753340565938,median,0,1.7,3.5
1292,u630,p835,deepthought,B,1,expert,0.4134671094113846,best,0,3.5,8.0
1293,u630,p070,deepthought,D,2,general_knowledge,0.29359982111480176,best,0,2.2,5.0
1294,u630,p706,deepthought,C,3,little_knowledge,0.133376379882772,worst,0,3.1,7.0
1295,u630,p977,deepthought,B,3,little_knowledge,0.23568124498640527,median,0,1.6,1.5
1296,u068,p632,deepthought,D,3,little_knowledge,0.18028537100120437,worst,0,3.6,7.0
1297,u068,p312,deepthought,B,1,expert,0.21843971500180123,best,0,1.9,3.0
1298,u068,p070,deepthought,D,2,general_knowledge,0.2240968818425216,median,0,1.2,1.0
1299,u068,p622,deepthought,A,1,expert,0.4559996277913515,best,0,1.6,2.0
1300,u068,p501,deepthought,D,2,general_knowledge,0.2222405918132416,median,0,3.8,8.0
1301,u068,p971,deepthought,A,1,expert,0.516324739929969,best,0,3.5,6.0
1302,u068,p030,deepthought,B,1,expert,0.3546421190489241,best,0,2.7,4.0
1303,u068,p596,deepthought,C,3,little_knowledge,0.1425724224085384,worst,0,3.1,5.0
1304,u684,p012,deepthought,B,3,little_knowledge,0.24222758171127065,median,0,1.5,2.0
1305,u684,p103,deepthought,D,3,little_knowledge,0.1888149336354797,worst,0,2.5,5.5
1306,u684,p797,deepthought,D,2,general_knowledge,0.3085726420370695,best,0,2.2,4.0
1307,u684,p205,deepthought,B,2,general_knowledge,0.24214499718526167,median,0,1.0,1.0
1308,u684,p703,deepthought,C,,,0.2860430546050987,best,2,,
1309,u684,p360,deepthought,D,1,expert,0.46909615825181195,best,0,2.0,3.0
1310,u684,p919,deepthought,D,1,expert,0.451771022865602,best,0,2.5,5.5
1311,u684,p079,deepthought,A,3,little_knowledge,0.17098450210773408,worst,0,2.6,7.0
1312,u765,p575,deepthought,C,1,expert,0.6410788726578247,best,0,2.3,6.0
1313,u765,p232,deepthought,D,3,little_knowledge,0.19169557332320467,median,0,2.5,7.5
1314,u765,p703,deepthought,C,1,expert,0.5136433384555434,best,0,1.7,4.0
1315,u765,p193,deepthought,C,1,expert,0.47930829972028033,best,0,1.3,2.0
1316,u765,p217,deepthought,C,1,expert,0.5522355081298398,best,0,1.2,1.0
1317,u765,p238,deepthought,D,2,general_knowledge,0.19921489990260705,median,0,1.5,3.0
1318,u765,p153,deepthought,A,3,little_knowledge,0.13247367578401636,worst,0,2.0,5.0
1319,u765,p978,deepthought,B,3,little_knowledge,0.1681214003510037,worst,0,2.5,7.5
1328,u298,p562,deepthought,A,3,little_knowledge,0.1319886635216603,median,0,1.6,4.0
1329,u298,p607,deepthought,D,3,little_knowledge,0.19251917659437773,best,0,1.8,5.0
1330,u298,p774,deepthought,D,2,general_knowledge,0.17096290556632865,best,0,4.2,8.0
1331,u298,p835,deepthought,B,3,little_knowledge,0.08272599370007587,worst,0,2.0,6.0
1332,u298,p169,deepthought,C,1,expert,0.2683804464126607,best,0,1.3,1.0
1333,u298,p241,deepthought,C,2,general_knowledge,0.17281667454740177,worst,0,1.5,2.5
1334,u298,p929,deepthought,C,1,expert,0.12749129588055852,median,0,2.2,7.0
1335,u298,p596,deepthought,C,2,general_knowledge,0.1844363491996228,best,0,1.5,2.5
