Dataset,n_splits,n_alternatives,n_voters,rule_name,distance,distance_std,winning_ranking,annealed_scores
F1 Seasons (1998),10,20,16,Trimmed Borda,0.1771052631578947,0.008630883583458277,"[(16,), (1,), (9,), (11,), (6,), (18,), (3, 15), (13,), (5,), (17,), (12,), (10,), (2,), (4,), (0,), (19,), (7,), (8,), (14,)]",[]
F1 Seasons (1998),10,20,16,Borda Min-Max,0.19526315789473683,0.01175438596491228,"[(16,), (1,), (9,), (11,), (6,), (18,), (15,), (3,), (13,), (5,), (17,), (12,), (10,), (2,), (4,), (0,), (19,), (7,), (8,), (14,)]",[]
F1 Seasons (1998),10,20,16,Plurality,0.40657894736842104,0.0008988553303473359,"[(16,), (1,), (11, 13), (0, 2, 3, 4, 5, 6, 7, 8, 9, 10, 12, 14, 15, 17, 18, 19)]",[]
F1 Seasons (1998),10,20,16,F1_rule-1991,0.1994736842105263,0.009248459896910316,"[(16,), (1,), (11,), (9,), (6,), (13,), (5, 15), (18,), (17,), (3,), (0,), (8, 14), (4, 10, 12), (2, 7, 19)]",[]
F1 Seasons (1998),10,20,16,F1_rule-2003,0.1705263157894737,0.00861080083635651,"[(16,), (1,), (11,), (9,), (6,), (15,), (5, 13, 18), (17,), (3,), (8, 12), (0,), (10, 14), (4,), (7,), (2, 19)]",[]
F1 Seasons (1998),10,20,16,F1_rule-2010,0.17078947368421052,0.0077118185452893905,"[(16,), (1,), (11,), (9,), (6,), (13, 15, 18), (5,), (3, 17), (12,), (8,), (0,), (10,), (14,), (4,), (7,), (19,), (2,)]",[]
F1 Seasons (1998),10,20,16,Borda,0.20763157894736844,0.012930491068065092,"[(16,), (1,), (9,), (11,), (6,), (18,), (3, 15), (13,), (5,), (17,), (12,), (10,), (2,), (4,), (0,), (19,), (7,), (8,), (14,)]",[]
F1 Seasons (1998),10,20,16,Plurality Veto,0.3331578947368421,0.012615730798839857,"[(16,), (1,), (11,), (2, 3, 4, 5, 6, 9, 10, 12, 15, 18), (13, 14, 17), (0, 7, 19), (8,)]",[]
F1 Seasons (1998),10,20,16,Veto,0.3936842105263158,0.01452648529437505,"[(1, 2, 3, 4, 5, 6, 9, 10, 11, 12, 15, 16, 18), (14, 17), (0, 7, 13, 19), (8,)]",[]
F1 Seasons (1998),10,20,16,Two Approval,0.32947368421052625,0.004382454735718176,"[(16,), (1,), (11,), (9,), (18,), (13, 17), (0, 2, 3, 4, 5, 6, 7, 8, 10, 12, 14, 15, 19)]",[]
F1 Seasons (2010),10,21,19,Trimmed Borda,0.14428571428571427,0.006469105991211057,"[(11,), (19,), (13,), (20,), (14,), (8,), (10,), (15,), (2,), (1,), (12,), (3,), (16,), (4,), (9,), (18,), (7,), (17,), (5,), (6,), (0,)]",[]
F1 Seasons (2010),10,21,19,Borda Min-Max,0.15952380952380954,0.004668394022175474,"[(11,), (19,), (13,), (20,), (14,), (10,), (8,), (15,), (2,), (1,), (12,), (3,), (16,), (4,), (9,), (18,), (7,), (17,), (5,), (6,), (0,)]",[]
F1 Seasons (2010),10,21,19,Plurality,0.34309523809523806,0.009513552677906587,"[(11, 19), (13,), (14,), (20,), (0, 1, 2, 3, 4, 5, 6, 7, 8, 9, 10, 12, 15, 16, 17, 18)]",[]
F1 Seasons (2010),10,21,19,F1_rule-1991,0.18357142857142855,0.008026866577291207,"[(19,), (11,), (13, 14), (20,), (8,), (10,), (15,), (2,), (1,), (12,), (16,), (4, 7, 9), (0, 3, 5, 6, 17, 18)]",[]
F1 Seasons (2010),10,21,19,F1_rule-2003,0.14857142857142858,0.00837818617168041,"[(19,), (11, 14), (13,), (20,), (8,), (10,), (15,), (2,), (1,), (12,), (9,), (16,), (4,), (7,), (18,), (0, 3, 5, 6, 17)]",[]
F1 Seasons (2010),10,21,19,F1_rule-2010,0.1192857142857143,0.007698412698412698,"[(19,), (11,), (13,), (14,), (20,), (8,), (10,), (15,), (2,), (1,), (12,), (9,), (16,), (4,), (7,), (18,), (3,), (0, 5, 6, 17)]",[]
F1 Seasons (2010),10,21,19,Borda,0.1619047619047619,0.007645456875423679,"[(11,), (19,), (13,), (20,), (14,), (8,), (10,), (15,), (2,), (1,), (12,), (3,), (16,), (4,), (9,), (18,), (7,), (17,), (5,), (6,), (0,)]",[]
F1 Seasons (2010),10,21,19,Plurality Veto,0.3292857142857143,0.01312790538215644,"[(11, 19), (13, 14), (20,), (2, 8, 12, 15, 16), (1, 3, 4, 10, 17, 18), (5, 6, 9), (0, 7)]",[]
F1 Seasons (2010),10,21,19,Veto,0.4652380952380953,0.012649708184696365,"[(2, 8, 11, 12, 14, 15, 16, 19, 20), (1, 3, 4, 10, 13, 17, 18), (5, 6, 9), (0, 7)]",[]
F1 Seasons (2010),10,21,19,Two Approval,0.31214285714285717,0.008602603507080005,"[(13, 14), (11, 19), (20,), (8,), (15,), (0, 1, 2, 3, 4, 5, 6, 7, 9, 10, 12, 16, 17, 18)]",[]
F1 Seasons (2009),10,20,9,Trimmed Borda,0.24842105263157896,0.02976050913493337,"[(19,), (12,), (1,), (17,), (7,), (3,), (9,), (5,), (4,), (2,), (8,), (13,), (18,), (10, 14), (6,), (15,), (0,), (16,), (11,)]",[]
F1 Seasons (2009),10,20,9,Borda Min-Max,0.3081578947368421,0.043502846936693866,"[(19,), (1,), (12,), (17,), (7,), (3,), (9,), (5,), (4,), (2,), (8,), (13,), (18,), (10,), (6,), (0,), (14,), (15,), (16,), (11,)]",[]
F1 Seasons (2009),10,20,9,Plurality,0.4542105263157895,0.0074967931997268426,"[(19,), (17,), (12,), (0, 1, 2, 3, 4, 5, 6, 7, 8, 9, 10, 11, 13, 14, 15, 16, 18)]",[]
F1 Seasons (2009),10,20,9,F1_rule-1991,0.26815789473684215,0.018364365577205412,"[(19,), (17,), (12,), (1,), (4,), (5,), (7,), (3,), (2,), (8,), (9, 13), (15,), (0, 6, 10, 11, 14, 16, 18)]",[]
F1 Seasons (2009),10,20,9,F1_rule-2003,0.23789473684210524,0.017649680853372835,"[(19,), (12, 17), (1,), (4,), (5,), (7,), (3,), (9,), (2, 8, 13), (15,), (16,), (10, 14), (0, 6, 11, 18)]",[]
F1 Seasons (2009),10,20,9,F1_rule-2010,0.22921052631578948,0.013546597759765418,"[(19,), (17,), (12,), (1,), (4,), (7,), (5,), (3,), (9,), (8,), (13,), (2,), (15,), (16,), (10,), (14,), (18,), (11,), (6,), (0,)]",[]
F1 Seasons (2009),10,20,9,Borda,0.23552631578947367,0.0123758842731343,"[(19,), (12,), (1,), (17,), (7,), (3,), (9,), (5,), (4,), (2,), (8,), (13,), (18,), (10, 14), (6,), (15,), (0,), (16,), (11,)]",[]
F1 Seasons (2009),10,20,9,Plurality Veto,0.4515789473684211,0.008051083442514923,"[(19,), (17,), (12,), (1, 2, 3, 5, 6, 7, 8, 9, 14), (0, 4, 10, 11, 13, 16, 18), (15,)]",[]
F1 Seasons (2009),10,20,9,Veto,0.5113157894736843,0.009275460331340116,"[(1, 2, 3, 5, 6, 7, 8, 9, 12, 14, 17, 19), (0, 4, 10, 11, 13, 16, 18), (15,)]",[]
F1 Seasons (2009),10,20,9,Two Approval,0.3684210526315789,0.015730885453656064,"[(19,), (12, 17), (1,), (2,), (0, 3, 4, 5, 6, 7, 8, 9, 10, 11, 13, 14, 15, 16, 18)]",[]
F1 Seasons (1997),10,20,6,Trimmed Borda,0.3215789473684211,0.018730894647114894,"[(3,), (7,), (16, 19), (14,), (4,), (12,), (15,), (1,), (9, 18), (5,), (8,), (10,), (6,), (13,), (17,), (0,), (2,), (11,)]",[]
F1 Seasons (1997),10,20,6,Borda Min-Max,0.44789473684210523,0.027364484647187416,"[(7,), (3,), (16,), (19,), (4, 14), (12,), (15,), (1,), (9,), (8,), (18,), (5, 10), (6,), (13,), (0,), (17,), (2,), (11,)]",[]
F1 Seasons (1997),10,20,6,Plurality,0.4473684210526316,0.011969747440993465,"[(7,), (3,), (12,), (0, 1, 2, 4, 5, 6, 8, 9, 10, 11, 13, 14, 15, 16, 17, 18, 19)]",[]
F1 Seasons (1997),10,20,6,F1_rule-1991,0.27184210526315794,0.01856273831966298,"[(7,), (3,), (4, 12), (19,), (16,), (14,), (15,), (18,), (10,), (8, 17), (0, 1, 2, 5, 6, 9, 11, 13)]",[]
F1 Seasons (1997),10,20,6,F1_rule-2003,0.2647368421052632,0.023069341589893655,"[(7,), (3,), (4,), (16, 19), (12,), (14,), (15,), (18,), (10,), (8, 17), (9,), (5,), (1,), (0, 2, 6, 11, 13)]",[]
F1 Seasons (1997),10,20,6,F1_rule-2010,0.26421052631578945,0.022416357304259844,"[(7,), (3,), (16,), (4, 19), (12,), (14,), (15,), (18,), (10,), (9,), (8, 17), (5,), (1,), (0,), (6,), (13,), (2, 11)]",[]
F1 Seasons (1997),10,20,6,Borda,0.3481578947368421,0.016208143289564186,"[(3,), (7,), (16, 19), (14,), (4,), (12,), (15,), (1,), (9, 18), (5,), (8,), (10,), (6,), (13,), (17,), (0,), (2,), (11,)]",[]
F1 Seasons (1997),10,20,6,Plurality Veto,0.4276315789473684,0.01326419052881606,"[(7,), (3,), (12,), (1, 2, 4, 5, 6, 9, 13, 14, 15, 16, 18, 19), (0, 8, 10, 17), (11,)]",[]
F1 Seasons (1997),10,20,6,Veto,0.4865789473684211,0.0076617672730904035,"[(1, 2, 3, 4, 5, 6, 7, 9, 12, 13, 14, 15, 16, 18, 19), (0, 8, 10, 17), (11,)]",[]
F1 Seasons (1997),10,20,6,Two Approval,0.39552631578947367,0.013736125096117966,"[(4, 7), (3, 12), (15, 19), (0, 1, 2, 5, 6, 8, 9, 10, 11, 13, 14, 16, 17, 18)]",[]
F1 Seasons (2011),10,23,9,Trimmed Borda,0.16699604743083005,0.020616710078627,"[(12,), (21,), (22,), (14,), (6,), (15,), (11,), (18,), (13,), (1,), (7,), (2,), (0,), (8,), (16,), (17,), (20,), (19,), (4,), (3,), (9,), (10,), (5,)]",[]
F1 Seasons (2011),10,23,9,Borda Min-Max,0.29426877470355733,0.057457035485326206,"[(21,), (22,), (12,), (14,), (6,), (15,), (11,), (18,), (13,), (1,), (2,), (7,), (0,), (8,), (16,), (17,), (20,), (19,), (4,), (3,), (9,), (10,), (5,)]",[]
F1 Seasons (2011),10,23,9,Plurality,0.4537549407114625,0.008902790991581632,"[(21,), (22,), (12, 14, 15), (0, 1, 2, 3, 4, 5, 6, 7, 8, 9, 10, 11, 13, 16, 17, 18, 19, 20)]",[]
F1 Seasons (2011),10,23,9,F1_rule-1991,0.2519762845849802,0.010116869983909024,"[(21,), (22,), (12,), (14,), (15,), (6,), (1,), (11,), (13, 18), (0, 2, 3, 4, 5, 7, 8, 9, 10, 16, 17, 19, 20)]",[]
F1 Seasons (2011),10,23,9,F1_rule-2003,0.19683794466403165,0.012754140387383173,"[(21,), (22,), (12,), (14,), (15,), (6,), (1, 11), (13, 18), (2,), (7,), (20,), (0, 3, 4, 5, 8, 9, 10, 16, 17, 19)]",[]
F1 Seasons (2011),10,23,9,F1_rule-2010,0.15671936758893282,0.014695107861676916,"[(21,), (22,), (12,), (14,), (15,), (6,), (11,), (1,), (18,), (13,), (2,), (7,), (20,), (16,), (8,), (17,), (0, 3, 4, 5, 9, 10, 19)]",[]
F1 Seasons (2011),10,23,9,Borda,0.1739130434782609,0.01380258685095979,"[(12,), (21,), (22,), (14,), (6,), (15,), (11,), (18,), (13,), (1,), (7,), (2,), (0,), (8,), (16,), (17,), (20,), (19,), (4,), (3,), (9,), (10,), (5,)]",[]
F1 Seasons (2011),10,23,9,Plurality Veto,0.4470355731225297,0.010183353812352882,"[(21,), (22,), (12, 14, 15), (0, 6, 7, 8, 9, 10, 11, 13, 16, 17, 18), (1, 2, 4, 5, 19, 20), (3,)]",[]
F1 Seasons (2011),10,23,9,Veto,0.5065217391304349,0.006298325231956659,"[(0, 6, 7, 8, 9, 10, 11, 12, 13, 14, 15, 16, 17, 18, 22), (1, 2, 4, 5, 19, 20, 21), (3,)]",[]
F1 Seasons (2011),10,23,9,Two Approval,0.38557312252964426,0.011870327057340445,"[(21,), (22,), (12,), (14, 15), (0, 1, 2, 3, 4, 5, 6, 7, 8, 9, 10, 11, 13, 16, 17, 18, 19, 20)]",[]
F1 Seasons (2012),10,23,20,Trimmed Borda,0.12391304347826089,0.010184419139308938,"[(13,), (21,), (10,), (14,), (5,), (22,), (15,), (12,), (2,), (18,), (7,), (8,), (6,), (9,), (16,), (0,), (11,), (19,), (17,), (3,), (1,), (20,), (4,)]",[]
F1 Seasons (2012),10,23,20,Borda Min-Max,0.141897233201581,0.011653936436098014,"[(13,), (21,), (10,), (14,), (22,), (5,), (15,), (2,), (12,), (18,), (7,), (8,), (6,), (9,), (11,), (0,), (16,), (19,), (17,), (3,), (1,), (20,), (4,)]",[]
F1 Seasons (2012),10,23,20,Plurality,0.3893280632411067,0.0118173812893234,"[(21,), (15,), (13, 22), (14,), (10, 12, 16), (0, 1, 2, 3, 4, 5, 6, 7, 8, 9, 11, 17, 18, 19, 20)]",[]
F1 Seasons (2012),10,23,20,F1_rule-1991,0.1883399209486166,0.01242966222774854,"[(21,), (13,), (22,), (15,), (10, 14), (5,), (12,), (6,), (7, 16), (2,), (0,), (18,), (9,), (1, 3, 4, 8, 11, 17, 19, 20)]",[]
F1 Seasons (2012),10,23,20,F1_rule-2003,0.15217391304347824,0.0094641818161096,"[(13, 21), (10,), (22,), (15,), (14,), (5,), (12,), (6,), (7,), (2,), (0, 16), (18,), (9,), (11,), (8,), (1, 3, 4, 17, 19, 20)]",[]
F1 Seasons (2012),10,23,20,F1_rule-2010,0.14703557312252963,0.008990103878383124,"[(21,), (13,), (10,), (15,), (22,), (14,), (5,), (12,), (6,), (2,), (7,), (0,), (16, 18), (9,), (11,), (8,), (1, 3, 4, 17, 19, 20)]",[]
F1 Seasons (2012),10,23,20,Borda,0.14683794466403163,0.012207723867730466,"[(13,), (21,), (10,), (14,), (5,), (22,), (15,), (12,), (2,), (18,), (7,), (8,), (6,), (9,), (16,), (0,), (11,), (19,), (17,), (3,), (1,), (20,), (4,)]",[]
F1 Seasons (2012),10,23,20,Plurality Veto,0.4262845849802372,0.008779341358053808,"[(21,), (13,), (14, 22), (10, 15), (5, 8, 9, 12, 16, 18, 19, 20), (1, 2, 3, 7, 17), (4, 6, 11), (0,)]",[]
F1 Seasons (2012),10,23,20,Veto,0.4883399209486166,0.009220073041643,"[(5, 8, 9, 10, 13, 14, 18, 19, 20, 21), (1, 2, 3, 7, 12, 16, 17, 22), (4, 6, 11), (0, 15)]",[]
F1 Seasons (2012),10,23,20,Two Approval,0.31304347826086953,0.011513071027643464,"[(13, 21), (22,), (10, 15), (6, 14), (12,), (5, 16), (0, 1, 2, 3, 4, 7, 8, 9, 11, 17, 18, 19, 20)]",[]
F1 Seasons (2016),10,21,12,Trimmed Borda,0.13452380952380952,0.01013420899665614,"[(17,), (12,), (9,), (13,), (10,), (19,), (15,), (7,), (4,), (3,), (5,), (6,), (20,), (1,), (18,), (8,), (2,), (16,), (11,), (0,), (14,)]",[]
F1 Seasons (2016),10,21,12,Borda Min-Max,0.17238095238095238,0.017601163524608394,"[(17,), (12,), (9,), (13,), (10,), (19,), (15,), (7,), (4,), (3, 5), (6,), (20,), (18,), (1,), (8,), (2,), (16,), (0, 11), (14,)]",[]
F1 Seasons (2016),10,21,12,Plurality,0.4159523809523809,0.004601121600201823,"[(17,), (12,), (10,), (0, 1, 2, 3, 4, 5, 6, 7, 8, 9, 11, 13, 14, 15, 16, 18, 19, 20)]",[]
F1 Seasons (2016),10,21,12,F1_rule-1991,0.23785714285714285,0.0050874192096943965,"[(17,), (12,), (19,), (9,), (10,), (13,), (15,), (7,), (5,), (8,), (6,), (3,), (1, 4, 20), (0, 2, 11, 14, 16, 18)]",[]
F1 Seasons (2016),10,21,12,F1_rule-2003,0.17952380952380953,0.007327421515926216,"[(17,), (12,), (9,), (13, 19), (10,), (15,), (7,), (5,), (3, 6), (4,), (8,), (20,), (1,), (0, 2, 11, 14, 16, 18)]",[]
F1 Seasons (2016),10,21,12,F1_rule-2010,0.15404761904761904,0.010064355778868222,"[(17,), (12,), (9,), (13,), (19,), (10,), (15,), (7,), (5,), (3,), (4,), (6,), (8,), (20,), (1,), (11, 18), (0, 2, 14, 16)]",[]
F1 Seasons (2016),10,21,12,Borda,0.17285714285714288,0.014180387735231061,"[(17,), (12,), (9,), (13,), (10,), (19,), (15,), (7,), (4,), (3,), (5,), (6,), (20,), (1,), (18,), (8,), (2,), (16,), (11,), (0,), (14,)]",[]
F1 Seasons (2016),10,21,12,Plurality Veto,0.3466666666666667,0.01196913810889451,"[(17,), (12,), (10,), (1, 2, 3, 4, 6, 7, 9, 13, 15, 16, 18, 19), (5, 11, 14), (20,), (0, 8)]",[]
F1 Seasons (2016),10,21,12,Veto,0.42738095238095236,0.011633144800487334,"[(1, 2, 3, 4, 6, 7, 9, 10, 13, 15, 16, 17, 18, 19), (5, 11, 12, 14), (20,), (0, 8)]",[]
F1 Seasons (2016),10,21,12,Two Approval,0.33452380952380956,0.013595541560193207,"[(17,), (12,), (10, 19), (9, 13), (0, 1, 2, 3, 4, 5, 6, 7, 8, 11, 14, 15, 16, 18, 20)]",[]
F1 Seasons (2015),10,20,13,Trimmed Borda,0.1355263157894737,0.008596938763860784,"[(15,), (17,), (9,), (3,), (10,), (13,), (6,), (4,), (7,), (5,), (0,), (8,), (1,), (14,), (2,), (18,), (12,), (16,), (19,), (11,)]",[]
F1 Seasons (2015),10,20,13,Borda Min-Max,0.16342105263157897,0.01429824561403509,"[(15,), (17,), (9,), (3,), (10,), (13,), (6,), (4,), (7,), (5,), (0,), (8,), (1,), (14,), (2,), (18,), (12,), (16,), (19,), (11,)]",[]
F1 Seasons (2015),10,20,13,Plurality,0.3960526315789473,0.010003462004604323,"[(15,), (9,), (17,), (0, 1, 2, 3, 4, 5, 6, 7, 8, 10, 11, 12, 13, 14, 16, 18, 19)]",[]
F1 Seasons (2015),10,20,13,F1_rule-1991,0.2081578947368421,0.006195864346108879,"[(15,), (9,), (17,), (10,), (3, 13), (6,), (4,), (7,), (5,), (8,), (12,), (0, 1), (2, 11, 14, 16, 18, 19)]",[]
F1 Seasons (2015),10,20,13,F1_rule-2003,0.15394736842105264,0.006954209815957398,"[(15,), (9,), (17,), (10,), (3,), (13,), (6,), (4,), (7,), (5,), (1,), (8,), (16,), (0, 12), (2, 18), (11, 14, 19)]",[]
F1 Seasons (2015),10,20,13,F1_rule-2010,0.13894736842105265,0.005920890186205684,"[(15,), (9,), (17,), (10,), (3,), (13,), (6,), (4,), (7,), (5,), (1,), (8,), (16,), (0,), (12,), (18,), (2,), (14,), (11, 19)]",[]
F1 Seasons (2015),10,20,13,Borda,0.15763157894736843,0.012882796715611043,"[(15,), (17,), (9,), (3,), (10,), (13,), (6,), (4,), (7,), (5,), (0,), (8,), (1,), (14,), (2,), (18,), (12,), (16,), (19,), (11,)]",[]
F1 Seasons (2015),10,20,13,Plurality Veto,0.34421052631578947,0.015754346891679753,"[(15,), (9,), (17,), (2, 3, 4, 5, 6, 7, 8, 10, 13, 19), (0, 11, 14, 18), (1, 12, 16)]",[]
F1 Seasons (2015),10,20,13,Veto,0.43947368421052635,0.012663215742188483,"[(2, 3, 4, 5, 6, 7, 8, 9, 10, 13, 15, 17, 19), (0, 11, 14, 18), (1, 12, 16)]",[]
F1 Seasons (2015),10,20,13,Two Approval,0.36394736842105263,0.0014704433872140502,"[(15,), (9,), (17,), (6, 10), (0, 1, 2, 3, 4, 5, 7, 8, 11, 12, 13, 14, 16, 18, 19)]",[]
F1 Seasons (2013),10,21,19,Trimmed Borda,0.1157142857142857,0.008738812449841779,"[(19,), (11,), (15,), (14,), (9,), (3,), (20,), (4,), (5,), (1,), (17,), (13,), (6,), (18,), (12,), (16,), (8,), (10,), (0,), (2,), (7,)]",[]
F1 Seasons (2013),10,21,19,Borda Min-Max,0.1278571428571429,0.009609731462195506,"[(19,), (11,), (15,), (14,), (9,), (3,), (20,), (4,), (5,), (1,), (17,), (6, 13), (18,), (12,), (16,), (8,), (10,), (0,), (2,), (7,)]",[]
F1 Seasons (2013),10,21,19,Plurality,0.4007142857142857,0.009173793010859643,"[(19,), (11,), (9,), (15,), (0, 1, 2, 3, 4, 5, 6, 7, 8, 10, 12, 13, 14, 16, 17, 18, 20)]",[]
F1 Seasons (2013),10,21,19,F1_rule-1991,0.17023809523809524,0.012684764490875047,"[(19,), (11,), (14,), (15,), (9,), (4,), (3,), (20,), (1,), (17,), (5,), (13,), (6, 8, 18), (0, 2, 7, 10, 12, 16)]",[]
F1 Seasons (2013),10,21,19,F1_rule-2003,0.13,0.008287477766480391,"[(19,), (11,), (14,), (15,), (9,), (4,), (3,), (20,), (1, 17), (5,), (13,), (6,), (8,), (18,), (12,), (0, 2, 7, 10, 16)]",[]
F1 Seasons (2013),10,21,19,F1_rule-2010,0.0980952380952381,0.008457502733179188,"[(19,), (11,), (14,), (15,), (9,), (4,), (3,), (20,), (1, 5), (17,), (13,), (6,), (8,), (18,), (12, 16), (0, 2, 7, 10)]",[]
F1 Seasons (2013),10,21,19,Borda,0.1278571428571429,0.008008011231894513,"[(19,), (11,), (15,), (14,), (9,), (3,), (20,), (4,), (5,), (1,), (17,), (13,), (6,), (18,), (12,), (16,), (8,), (10,), (0,), (2,), (7,)]",[]
F1 Seasons (2013),10,21,19,Plurality Veto,0.41690476190476194,0.013962164978771445,"[(19,), (9, 11), (15,), (5, 12, 14, 16, 20), (1, 3, 6, 7, 10, 18), (0, 2, 4, 8, 13, 17)]",[]
F1 Seasons (2013),10,21,19,Veto,0.5240476190476191,0.01172053216691274,"[(5, 9, 12, 14, 15, 16, 19, 20), (1, 3, 6, 7, 10, 11, 18), (0, 2, 4, 8, 13, 17)]",[]
F1 Seasons (2013),10,21,19,Two Approval,0.3114285714285714,0.013453727047883866,"[(19,), (11,), (14,), (4,), (9,), (15,), (3,), (0, 1, 2, 5, 6, 7, 8, 10, 12, 13, 16, 17, 18, 20)]",[]
F1 Seasons (2007),10,19,16,Trimmed Borda,0.1371345029239766,0.008148171465312617,"[(13,), (7, 9), (6,), (2,), (15,), (14,), (8,), (17,), (0,), (4, 12), (16,), (18,), (11,), (1,), (5,), (3,), (10,)]",[]
F1 Seasons (2007),10,19,16,Borda Min-Max,0.14649122807017542,0.010716373160935223,"[(9,), (7, 13), (6,), (2,), (14,), (15,), (17,), (8,), (0,), (4,), (12,), (16,), (18,), (11,), (1,), (3,), (5,), (10,)]",[]
F1 Seasons (2007),10,19,16,Plurality,0.3567251461988304,0.014482788008582227,"[(7,), (9,), (6, 13), (0, 1, 2, 3, 4, 5, 8, 10, 11, 12, 14, 15, 16, 17, 18)]",[]
F1 Seasons (2007),10,19,16,F1_rule-1991,0.2219298245614035,0.009623491663155657,"[(7,), (9,), (13,), (6,), (2,), (14,), (15,), (17,), (12,), (8,), (11, 18), (1, 5), (16,), (0, 3, 4, 10)]",[]
F1 Seasons (2007),10,19,16,F1_rule-2003,0.17368421052631577,0.011640544738271823,"[(7,), (9,), (13,), (6,), (2,), (14,), (15,), (17,), (8,), (12,), (11,), (18,), (16,), (1, 4), (5,), (0, 10), (3,)]",[]
F1 Seasons (2007),10,19,16,F1_rule-2010,0.145906432748538,0.009780156619821583,"[(7,), (9,), (13,), (6,), (2,), (14,), (15,), (17,), (8,), (12,), (11,), (18,), (16,), (4,), (1,), (5,), (0,), (10,), (3,)]",[]
F1 Seasons (2007),10,19,16,Borda,0.1587719298245614,0.009389663434016638,"[(13,), (7, 9), (6,), (2,), (15,), (14,), (8,), (17,), (0,), (4, 12), (16,), (18,), (11,), (1,), (5,), (3,), (10,)]",[]
F1 Seasons (2007),10,19,16,Plurality Veto,0.2994152046783626,0.017994008344474226,"[(7,), (6, 9, 13), (0, 1, 2, 4, 8, 15, 16), (3, 10, 12, 14), (18,), (5, 11, 17)]",[]
F1 Seasons (2007),10,19,16,Veto,0.42046783625731,0.011620942347593666,"[(0, 1, 2, 4, 6, 7, 8, 13, 15, 16), (3, 9, 10, 12, 14), (18,), (5, 11, 17)]",[]
F1 Seasons (2007),10,19,16,Two Approval,0.3371345029239766,0.0011573432833370282,"[(7, 13), (6, 9), (2, 15), (0, 1, 3, 4, 5, 8, 10, 11, 12, 14, 16, 17, 18)]",[]
F1 Seasons (2008),10,20,18,Trimmed Borda,0.15026315789473682,0.010667546708848872,"[(14,), (15,), (5,), (2,), (8,), (9,), (16,), (4,), (12,), (3,), (7,), (17,), (0,), (6,), (13,), (19,), (1,), (10,), (18,), (11,)]",[]
F1 Seasons (2008),10,20,18,Borda Min-Max,0.19105263157894736,0.016341236522378972,"[(14,), (15,), (5,), (2,), (8,), (9,), (16,), (4,), (12,), (3,), (7,), (17,), (0,), (6,), (13,), (19,), (1,), (10,), (18,), (11,)]",[]
F1 Seasons (2008),10,20,18,Plurality,0.3997368421052631,0.012598946640419502,"[(5,), (14,), (8, 9), (15, 16, 17), (0, 1, 2, 3, 4, 6, 7, 10, 11, 12, 13, 18, 19)]",[]
F1 Seasons (2008),10,20,18,F1_rule-1991,0.21184210526315791,0.009809276957819617,"[(5,), (14,), (8,), (15,), (9,), (2,), (16,), (17,), (3, 4), (6, 7), (12,), (1,), (13,), (0, 19), (10, 11, 18)]",[]
F1 Seasons (2008),10,20,18,F1_rule-2003,0.1736842105263158,0.015701509358080314,"[(14,), (5,), (8, 15), (9,), (2,), (16,), (17,), (4,), (3,), (12,), (6,), (7,), (1,), (0,), (13,), (10,), (19,), (11, 18)]",[]
F1 Seasons (2008),10,20,18,F1_rule-2010,0.1631578947368421,0.011788377141987607,"[(14,), (5,), (8,), (15,), (9,), (2,), (16,), (17,), (4,), (3,), (12,), (6, 7), (1,), (0, 13), (10,), (19,), (18,), (11,)]",[]
F1 Seasons (2008),10,20,18,Borda,0.18710526315789472,0.01352954656844786,"[(14,), (15,), (5,), (2,), (8,), (9,), (16,), (4,), (12,), (3,), (7,), (17,), (0,), (6,), (13,), (19,), (1,), (10,), (18,), (11,)]",[]
F1 Seasons (2008),10,20,18,Plurality Veto,0.3728947368421053,0.01291024249741078,"[(5,), (14,), (8,), (9, 15, 16), (0, 2, 7, 12), (1, 3, 4, 11, 19), (6, 10, 17, 18), (13,)]",[]
F1 Seasons (2008),10,20,18,Veto,0.4492105263157894,0.010207526538303152,"[(0, 2, 5, 7, 8, 12, 14, 15, 16), (1, 3, 4, 9, 11, 19), (6, 10, 18), (13, 17)]",[]
F1 Seasons (2008),10,20,18,Two Approval,0.326578947368421,0.014769439720112775,"[(5,), (14,), (2, 8, 15), (9,), (16,), (3, 6, 7, 17), (0, 1, 4, 10, 11, 12, 13, 18, 19)]",[]
F1 Seasons (2014),10,20,16,Trimmed Borda,0.12447368421052632,0.010009613722922457,"[(8,), (6,), (15,), (12,), (11,), (18,), (19,), (1,), (9,), (0,), (3,), (2,), (10,), (5,), (4,), (16,), (17,), (13,), (7,), (14,)]",[]
F1 Seasons (2014),10,20,16,Borda Min-Max,0.1431578947368421,0.01082329601065767,"[(8,), (15,), (6,), (12,), (11,), (18,), (19,), (1,), (9,), (0,), (2, 3), (10,), (5,), (4,), (16,), (17,), (13,), (7,), (14,)]",[]
F1 Seasons (2014),10,20,16,Plurality,0.37631578947368427,0.007297064681784355,"[(15,), (8,), (6,), (0, 1, 2, 3, 4, 5, 7, 9, 10, 11, 12, 13, 14, 16, 17, 18, 19)]",[]
F1 Seasons (2014),10,20,16,F1_rule-1991,0.19315789473684208,0.006842105263157896,"[(15,), (8,), (6,), (18,), (12,), (11,), (19,), (2,), (1,), (0,), (3,), (9,), (10,), (4, 5, 7, 13, 14, 16, 17)]",[]
F1 Seasons (2014),10,20,16,F1_rule-2003,0.13499999999999998,0.007747655251491767,"[(15,), (8,), (6,), (18,), (12,), (11,), (19,), (2,), (1,), (0, 3), (9,), (10,), (4,), (5, 7, 13, 14, 16, 17)]",[]
F1 Seasons (2014),10,20,16,F1_rule-2010,0.11473684210526316,0.007639137213009557,"[(15,), (8,), (6,), (12, 18), (11,), (19,), (1,), (2,), (0,), (3,), (9,), (10,), (4,), (5,), (14,), (7, 13, 16, 17)]",[]
F1 Seasons (2014),10,20,16,Borda,0.1436842105263158,0.012731089513352094,"[(8,), (6,), (15,), (12,), (11,), (18,), (19,), (1,), (9,), (0,), (3,), (2,), (10,), (5,), (4,), (16,), (17,), (13,), (7,), (14,)]",[]
F1 Seasons (2014),10,20,16,Plurality Veto,0.37578947368421045,0.012026184625693942,"[(15,), (6, 8), (0, 1, 4, 12, 17, 18, 19), (3, 5, 9, 10, 11, 14), (2, 13, 16), (7,)]",[]
F1 Seasons (2014),10,20,16,Veto,0.49026315789473685,0.011026493738881451,"[(0, 1, 4, 6, 12, 15, 17, 18, 19), (3, 5, 8, 9, 10, 11, 14), (2, 13, 16), (7,)]",[]
F1 Seasons (2014),10,20,16,Two Approval,0.34921052631578947,0.007244679435072269,"[(8,), (15,), (6,), (12,), (11, 18), (0, 1, 2, 3, 4, 5, 7, 9, 10, 13, 14, 16, 17, 19)]",[]
F1 Seasons (2017),10,16,19,Trimmed Borda,0.13916666666666666,0.008766518798921943,"[(13,), (10,), (15,), (9,), (7,), (5,), (11,), (8,), (4,), (0, 6), (2,), (3,), (1,), (14,), (12,)]",[]
F1 Seasons (2017),10,16,19,Borda Min-Max,0.15083333333333332,0.013347793085259959,"[(13,), (10,), (15,), (9,), (7,), (5,), (11,), (8,), (4,), (6,), (2,), (0,), (3,), (1,), (14,), (12,)]",[]
F1 Seasons (2017),10,16,19,Plurality,0.35041666666666665,0.012736194413879999,"[(13,), (15,), (10,), (8,), (7,), (0, 1, 2, 3, 4, 5, 6, 9, 11, 12, 14)]",[]
F1 Seasons (2017),10,16,19,F1_rule-1991,0.1525,0.007959193767719112,"[(13,), (15,), (10,), (7,), (8, 9), (5, 11), (0,), (2, 3), (4,), (6, 14), (1, 12)]",[]
F1 Seasons (2017),10,16,19,F1_rule-2003,0.1325,0.00855717877819409,"[(13,), (15,), (10,), (7,), (9,), (8,), (5,), (11,), (3,), (0, 2), (4,), (6,), (1, 14), (12,)]",[]
F1 Seasons (2017),10,16,19,F1_rule-2010,0.11916666666666667,0.007637626158259735,"[(13,), (15,), (10,), (7,), (9,), (8,), (5,), (11,), (3,), (4,), (2,), (0,), (6,), (1,), (14,), (12,)]",[]
F1 Seasons (2017),10,16,19,Borda,0.15749999999999997,0.01186342028003479,"[(13,), (10,), (15,), (9,), (7,), (5,), (11,), (8,), (4,), (0, 6), (2,), (3,), (1,), (14,), (12,)]",[]
F1 Seasons (2017),10,16,19,Plurality Veto,0.37333333333333335,0.011689791895833785,"[(13,), (15,), (10,), (4, 5, 11, 12), (0, 1, 7, 8), (2, 6, 14), (3, 9)]",[]
F1 Seasons (2017),10,16,19,Veto,0.44333333333333336,0.010209986638605055,"[(4, 5, 10, 11, 12, 13, 15), (0, 1), (2, 6, 7, 14), (3, 8, 9)]",[]
F1 Seasons (2017),10,16,19,Two Approval,0.29374999999999996,0.011557859011870305,"[(13,), (15,), (10,), (8,), (7,), (9,), (0, 1, 2, 3, 4, 5, 6, 11, 12, 14)]",[]
F1 Seasons (2004),10,18,12,Trimmed Borda,0.12679738562091505,0.014572541619338249,"[(1,), (0,), (17,), (5,), (9,), (6,), (15,), (13,), (7,), (3,), (11,), (8,), (2,), (16,), (10,), (4,), (12,), (14,)]",[]
F1 Seasons (2004),10,18,12,Borda Min-Max,0.16274509803921572,0.016619252762129454,"[(1,), (0,), (17,), (5,), (9,), (6,), (15,), (13,), (7,), (3,), (11,), (8,), (16,), (2,), (10,), (4,), (12,), (14,)]",[]
F1 Seasons (2004),10,18,12,Plurality,0.4444444444444445,1.850371707708594e-17,"[(1,), (5,), (0, 2, 3, 4, 6, 7, 8, 9, 10, 11, 12, 13, 14, 15, 16, 17)]",[]
F1 Seasons (2004),10,18,12,F1_rule-1991,0.1931372549019608,0.015160409015866856,"[(1,), (0,), (17,), (5,), (9,), (6,), (8,), (3,), (13, 15), (2, 7), (10, 11), (4, 12, 14, 16)]",[]
F1 Seasons (2004),10,18,12,F1_rule-2003,0.15163398692810456,0.011540673323005688,"[(1,), (0,), (17,), (5,), (9,), (6,), (13,), (8,), (3,), (15,), (11,), (2, 7), (4,), (10,), (12, 16), (14,)]",[]
F1 Seasons (2004),10,18,12,F1_rule-2010,0.1372549019607843,0.01190308355524857,"[(1,), (0,), (17,), (5,), (9,), (6,), (13,), (8, 15), (3,), (11,), (7,), (2,), (4,), (10,), (16,), (12,), (14,)]",[]
F1 Seasons (2004),10,18,12,Borda,0.15424836601307187,0.013033713299473657,"[(1,), (0,), (17,), (5,), (9,), (6,), (15,), (13,), (7,), (3,), (11,), (8,), (2,), (16,), (10,), (4,), (12,), (14,)]",[]
F1 Seasons (2004),10,18,12,Plurality Veto,0.3879084967320262,0.007840867500186538,"[(1,), (5,), (0, 4, 6, 7, 9, 13, 15, 17), (3, 10, 11, 12, 16), (2, 14), (8,)]",[]
F1 Seasons (2004),10,18,12,Veto,0.44379084967320265,0.009291881530342534,"[(0, 1, 4, 5, 6, 7, 9, 13, 15, 17), (3, 10, 11, 12, 16), (2, 14), (8,)]",[]
F1 Seasons (2004),10,18,12,Two Approval,0.37222222222222223,0.0071672262089742846,"[(1,), (0,), (17,), (5, 6, 8, 9), (2, 3, 4, 7, 10, 11, 12, 13, 14, 15, 16)]",[]
F1 Seasons (2018),10,20,21,Trimmed Borda,0.17157894736842105,0.011422386533795108,"[(16,), (19,), (13,), (10,), (8,), (7,), (4,), (6,), (2,), (14,), (3,), (5,), (0,), (12,), (9,), (17,), (15,), (1,), (11,), (18,)]",[]
F1 Seasons (2018),10,20,21,Borda Min-Max,0.19789473684210526,0.012478359229532127,"[(16,), (19,), (13,), (10,), (8,), (7,), (4,), (6,), (2,), (14,), (3,), (5,), (0,), (12,), (17,), (9,), (15,), (1,), (11,), (18,)]",[]
F1 Seasons (2018),10,20,21,Plurality,0.35500000000000004,0.007184954870079027,"[(16,), (19,), (7, 8), (10,), (0, 1, 2, 3, 4, 5, 6, 9, 11, 12, 13, 14, 15, 17, 18)]",[]
F1 Seasons (2018),10,20,21,F1_rule-1991,0.2026315789473684,0.006692010920266894,"[(16,), (19,), (8,), (10,), (13,), (7,), (3,), (2, 6), (5,), (9,), (4, 14), (12,), (0,), (1, 11, 15, 17, 18)]",[]
F1 Seasons (2018),10,20,21,F1_rule-2003,0.16210526315789472,0.008904264940666332,"[(16,), (19,), (13,), (10,), (8,), (7,), (3,), (6,), (2,), (12,), (5,), (4, 14), (0,), (9,), (17,), (1,), (11, 15, 18)]",[]
F1 Seasons (2018),10,20,21,F1_rule-2010,0.15263157894736842,0.008692623959184206,"[(16,), (19,), (10,), (8,), (13,), (7,), (3,), (6,), (2,), (4,), (12,), (14,), (5,), (0,), (9,), (17,), (15,), (1,), (11,), (18,)]",[]
F1 Seasons (2018),10,20,21,Borda,0.18894736842105264,0.014300129033203391,"[(16,), (19,), (13,), (10,), (8,), (7,), (4,), (6,), (2,), (14,), (3,), (5,), (0,), (12,), (9,), (17,), (15,), (1,), (11,), (18,)]",[]
F1 Seasons (2018),10,20,21,Plurality Veto,0.34210526315789475,0.008710309885829059,"[(16,), (19,), (8,), (10,), (4, 5, 6, 7, 13, 17), (1, 9, 14, 15), (0, 2, 12, 18), (11,), (3,)]",[]
F1 Seasons (2018),10,20,21,Veto,0.4439473684210526,0.010386868737344304,"[(4, 5, 6, 8, 10, 13, 16, 17, 19), (1, 9, 14, 15), (0, 2, 7, 12, 18), (11,), (3,)]",[]
F1 Seasons (2018),10,20,21,Two Approval,0.27868421052631576,0.006799801746064381,"[(16,), (19,), (13,), (8,), (10,), (7,), (0, 1, 2, 3, 4, 5, 6, 9, 11, 12, 14, 15, 17, 18)]",[]
F1 Seasons (2006),10,20,7,Trimmed Borda,0.24,0.01821015447681759,"[(19,), (2,), (7,), (11,), (18,), (1,), (16,), (4,), (9,), (17,), (5,), (0, 13), (6,), (12,), (3,), (14,), (8,), (10,), (15,)]",[]
F1 Seasons (2006),10,20,7,Borda Min-Max,0.33842105263157896,0.03576796739452575,"[(2,), (19,), (7,), (18,), (11,), (1,), (16,), (9,), (4,), (17,), (5,), (0,), (13,), (6,), (12,), (3,), (14,), (8,), (15,), (10,)]",[]
F1 Seasons (2006),10,20,7,Plurality,0.4523684210526316,0.013195560125191496,"[(2,), (7,), (11, 19), (0, 1, 3, 4, 5, 6, 8, 9, 10, 12, 13, 14, 15, 16, 17, 18)]",[]
F1 Seasons (2006),10,20,7,F1_rule-1991,0.28342105263157896,0.027938424357067018,"[(2,), (7,), (11,), (19,), (18,), (9,), (16,), (1,), (4,), (5, 13), (17,), (0, 3, 6, 8, 10, 12, 14, 15)]",[]
F1 Seasons (2006),10,20,7,F1_rule-2003,0.24368421052631578,0.03162082992578539,"[(2,), (19,), (7,), (11,), (18,), (9,), (16,), (1,), (4,), (5, 17), (13,), (12,), (0, 3, 6, 8, 10, 14, 15)]",[]
F1 Seasons (2006),10,20,7,F1_rule-2010,0.24815789473684208,0.03126808494854851,"[(2,), (19,), (7,), (11,), (18,), (9,), (16,), (1,), (4,), (5, 17), (13,), (12,), (6,), (3, 8, 10), (0, 14), (15,)]",[]
F1 Seasons (2006),10,20,7,Borda,0.28078947368421053,0.028133289790919117,"[(19,), (2,), (7,), (11,), (18,), (1,), (16,), (4,), (9,), (17,), (5,), (0, 13), (6,), (12,), (3,), (14,), (8,), (10,), (15,)]",[]
F1 Seasons (2006),10,20,7,Plurality Veto,0.40657894736842104,0.01644941507733878,"[(2,), (7,), (11, 19), (0, 1, 4, 5, 6, 9, 12, 13, 16, 17, 18), (3, 14, 15), (8, 10)]",[]
F1 Seasons (2006),10,20,7,Veto,0.4607894736842105,0.012383342995687632,"[(0, 1, 2, 4, 5, 6, 7, 9, 11, 12, 13, 16, 17, 18, 19), (3, 14, 15), (8, 10)]",[]
F1 Seasons (2006),10,20,7,Two Approval,0.4147368421052631,0.01173735346222999,"[(7, 11), (2,), (9, 16, 19), (0, 1, 3, 4, 5, 6, 8, 10, 12, 13, 14, 15, 17, 18)]",[]
F1 Seasons (1992),10,26,13,Trimmed Borda,0.21984615384615386,0.010997459511784822,"[(16,), (25,), (6,), (9,), (18,), (21,), (2,), (3,), (23,), (20,), (10,), (12,), (19,), (4,), (1,), (11,), (5,), (7,), (17,), (24,), (0,), (22,), (14,), (13,), (15,), (8,)]",[]
F1 Seasons (1992),10,26,13,Borda Min-Max,0.2536923076923077,0.01903586704241605,"[(16,), (25,), (6,), (9,), (18,), (21,), (3,), (23,), (2,), (20,), (10,), (19,), (12,), (4,), (1,), (5,), (0, 7), (11,), (24,), (17,), (22,), (14,), (13,), (15,), (8,)]",[]
F1 Seasons (1992),10,26,13,Plurality,0.43923076923076926,0.005660804486053442,"[(16,), (21,), (2, 6), (0, 1, 3, 4, 5, 7, 8, 9, 10, 11, 12, 13, 14, 15, 17, 18, 19, 20, 22, 23, 24, 25)]",[]
F1 Seasons (1992),10,26,13,F1_rule-1991,0.22569230769230772,0.008398522145442133,"[(16,), (6,), (21, 25), (2, 18), (10,), (20,), (9, 12), (23,), (1, 11), (17, 19), (14,), (0, 3, 4, 5, 7, 8, 13, 15, 22, 24)]",[]
F1 Seasons (1992),10,26,13,F1_rule-2003,0.2076923076923077,0.00822753351207442,"[(16,), (6, 25), (21,), (18,), (2,), (9,), (10,), (20,), (12, 23), (17, 19), (11,), (1,), (3,), (14, 22, 24), (4, 7), (5,), (0, 8, 13, 15)]",[]
F1 Seasons (1992),10,26,13,F1_rule-2010,0.19584615384615384,0.009453300562170742,"[(16,), (6,), (25,), (21,), (18,), (2,), (9,), (10,), (20,), (23,), (12,), (19,), (3,), (17,), (11,), (1,), (22,), (24,), (4,), (7, 14), (0, 5), (8,), (13, 15)]",[]
F1 Seasons (1992),10,26,13,Borda,0.24430769230769228,0.01626021147825434,"[(16,), (25,), (6,), (9,), (18,), (21,), (2,), (3,), (23,), (20,), (10,), (12,), (19,), (4,), (1,), (11,), (5,), (7,), (17,), (24,), (0,), (22,), (14,), (13,), (15,), (8,)]",[]
F1 Seasons (1992),10,26,13,Plurality Veto,0.37661538461538463,0.007064277069834899,"[(16,), (21,), (2, 6), (1, 4, 5, 7, 9, 10, 11, 12, 13, 14, 17, 18, 19, 20, 22, 24, 25), (0, 3, 23), (15,), (8,)]",[]
F1 Seasons (1992),10,26,13,Veto,0.43830769230769234,0.005037401206363498,"[(1, 2, 4, 5, 6, 7, 9, 10, 11, 12, 13, 14, 16, 17, 18, 19, 20, 21, 22, 24, 25), (0, 3, 23), (15,), (8,)]",[]
F1 Seasons (1992),10,26,13,Two Approval,0.3764615384615385,0.008176391987319894,"[(16,), (25,), (21,), (6,), (2, 18), (0, 1, 3, 4, 5, 7, 8, 9, 10, 11, 12, 13, 14, 15, 17, 19, 20, 22, 23, 24)]",[]
F1 Seasons (1991),10,31,11,Trimmed Borda,0.22559139784946236,0.016915740136316807,"[(26,), (20,), (30,), (15,), (10,), (18,), (11,), (19,), (2,), (4,), (23,), (28,), (21,), (6, 25), (29,), (3,), (1,), (24,), (22,), (13,), (17,), (12,), (27,), (9,), (5,), (14,), (8,), (16,), (7,), (0,)]",[]
F1 Seasons (1991),10,31,11,Borda Min-Max,0.26537634408602145,0.027667743679007366,"[(26,), (20,), (30,), (15,), (10,), (11,), (18,), (2,), (4,), (19,), (23,), (28,), (6, 21, 25), (29,), (1,), (3,), (22,), (24,), (17,), (13,), (12,), (27,), (9,), (5,), (14,), (16,), (7,), (8,), (0,)]",[]
F1 Seasons (1991),10,31,11,Plurality,0.4483870967741935,0.007665559815606979,"[(20, 26), (30,), (18,), (0, 1, 2, 3, 4, 5, 6, 7, 8, 9, 10, 11, 12, 13, 14, 15, 16, 17, 19, 21, 22, 23, 24, 25, 27, 28, 29)]",[]
F1 Seasons (1991),10,31,11,F1_rule-1991,0.2935483870967742,0.013803704546994592,"[(26,), (20,), (30,), (2,), (18,), (10,), (21,), (15,), (11,), (19, 23), (3,), (25,), (1, 4, 6, 12, 13, 17), (0, 5, 7, 8, 9, 14, 16, 22, 24, 27, 28, 29)]",[]
F1 Seasons (1991),10,31,11,F1_rule-2003,0.2736559139784946,0.015588925771145025,"[(26,), (20,), (30,), (2,), (18,), (10,), (15, 21), (11,), (23,), (19,), (4,), (3, 17), (1, 6, 13), (12, 25, 29), (24, 28), (8, 22), (0, 5, 7, 9, 14, 16, 27)]",[]
F1 Seasons (1991),10,31,11,F1_rule-2010,0.24741935483870967,0.018926937256016685,"[(26,), (20,), (30,), (2,), (18,), (10,), (15,), (21,), (11,), (23,), (19,), (17,), (4,), (3, 6), (28, 29), (1, 13), (12, 25), (24,), (22,), (8,), (5,), (0, 7, 9, 14, 16, 27)]",[]
F1 Seasons (1991),10,31,11,Borda,0.2335483870967742,0.009586456876504161,"[(26,), (20,), (30,), (15,), (10,), (18,), (11,), (19,), (2,), (4,), (23,), (28,), (21,), (6, 25), (29,), (3,), (1,), (24,), (22,), (13,), (17,), (12,), (27,), (9,), (5,), (14,), (8,), (16,), (7,), (0,)]",[]
F1 Seasons (1991),10,31,11,Plurality Veto,0.42010752688172043,0.008813196629776998,"[(20, 26), (30,), (18,), (1, 2, 3, 4, 6, 8, 9, 10, 11, 12, 13, 14, 15, 16, 19, 21, 22, 23, 24, 25, 27, 28, 29), (5, 7, 17), (0,)]",[]
F1 Seasons (1991),10,31,11,Veto,0.47333333333333333,0.003323104512257846,"[(1, 2, 3, 4, 6, 8, 9, 10, 11, 12, 13, 14, 15, 16, 18, 19, 20, 21, 22, 23, 24, 25, 26, 27, 28, 29, 30), (5, 7, 17), (0,)]",[]
F1 Seasons (1991),10,31,11,Two Approval,0.41043010752688175,0.00846978507902961,"[(20,), (26,), (2, 30), (18, 19, 21), (0, 1, 3, 4, 5, 6, 7, 8, 9, 10, 11, 12, 13, 14, 15, 16, 17, 22, 23, 24, 25, 27, 28, 29)]",[]
F1 Seasons (2005),10,16,14,Trimmed Borda,0.1883333333333333,0.01681416216713506,"[(8,), (7,), (12,), (13,), (4,), (0,), (1,), (2,), (3,), (10,), (9,), (14,), (5,), (6,), (11,), (15,)]",[]
F1 Seasons (2005),10,16,14,Borda Min-Max,0.21916666666666668,0.015456030825826174,"[(8,), (7,), (12,), (13,), (4,), (0, 1), (2,), (3, 10), (9,), (14,), (5,), (6,), (11,), (15,)]",[]
F1 Seasons (2005),10,16,14,Plurality,0.39375,0.006341916698239373,"[(8,), (7,), (13,), (0, 1, 2, 3, 4, 5, 6, 9, 10, 11, 12, 14, 15)]",[]
F1 Seasons (2005),10,16,14,F1_rule-1991,0.15833333333333333,0.02022252747022366,"[(8,), (7,), (13,), (1,), (4,), (2,), (12,), (0,), (9,), (10,), (3,), (14,), (5,), (6, 11, 15)]",[]
F1 Seasons (2005),10,16,14,F1_rule-2003,0.15791666666666665,0.016648717186336526,"[(8,), (7,), (13,), (1, 4), (12,), (2,), (0,), (9,), (10,), (3,), (14,), (5,), (6,), (11, 15)]",[]
F1 Seasons (2005),10,16,14,F1_rule-2010,0.14958333333333335,0.017638888888888888,"[(8,), (7,), (13,), (12,), (4,), (1,), (2,), (0,), (9,), (10,), (3,), (14,), (5,), (6,), (15,), (11,)]",[]
F1 Seasons (2005),10,16,14,Borda,0.18916666666666668,0.015443545137686266,"[(8,), (7,), (12,), (13,), (4,), (0,), (1,), (2,), (3,), (10,), (9,), (14,), (5,), (6,), (11,), (15,)]",[]
F1 Seasons (2005),10,16,14,Plurality Veto,0.39916666666666667,0.016814162167135067,"[(8,), (7,), (0, 3, 5, 6, 12, 13), (1, 2, 4, 9, 10, 11), (14, 15)]",[]
F1 Seasons (2005),10,16,14,Veto,0.5220833333333333,0.016102128722088764,"[(0, 3, 5, 6, 8, 12), (1, 2, 4, 7, 9, 10, 11, 13), (14, 15)]",[]
F1 Seasons (2005),10,16,14,Two Approval,0.325,0.011520245196293178,"[(8,), (7,), (13,), (1, 2), (0, 4), (3, 5, 6, 9, 10, 11, 12, 14, 15)]",[]
F1 Seasons (2001),10,21,10,Trimmed Borda,0.2619047619047619,0.024756307873781306,"[(1,), (0,), (13,), (8, 18), (4,), (10,), (7,), (15,), (6,), (19,), (2,), (3,), (5,), (20,), (16,), (12,), (14,), (9,), (17,), (11,)]",[]
F1 Seasons (2001),10,21,10,Borda Min-Max,0.3238095238095238,0.028350112856336113,"[(1,), (0,), (13,), (8,), (18,), (10,), (4,), (7,), (15,), (6,), (2, 19), (3,), (5,), (20,), (16,), (14,), (12,), (9,), (11, 17)]",[]
F1 Seasons (2001),10,21,10,Plurality,0.44214285714285706,0.006973747698797989,"[(1,), (18,), (13, 15), (0, 2, 3, 4, 5, 6, 7, 8, 9, 10, 11, 12, 14, 16, 17, 19, 20)]",[]
F1 Seasons (2001),10,21,10,F1_rule-1991,0.29285714285714287,0.022315563603385862,"[(1,), (0,), (18,), (13,), (15,), (6,), (8,), (10,), (19,), (4, 5), (3, 12), (2, 20), (7, 16), (9, 11, 14, 17)]",[]
F1 Seasons (2001),10,21,10,F1_rule-2003,0.27523809523809517,0.027760085068372454,"[(1,), (0,), (13,), (18,), (15,), (6,), (8,), (10,), (4,), (3,), (12, 19), (2, 5), (20,), (7, 16), (14,), (9, 17), (11,)]",[]
F1 Seasons (2001),10,21,10,F1_rule-2010,0.2628571428571428,0.03220345062722824,"[(1,), (0,), (13,), (18,), (15,), (8,), (6, 10), (4,), (3,), (12,), (19,), (2,), (5,), (7,), (20,), (16,), (14,), (17,), (9,), (11,)]",[]
F1 Seasons (2001),10,21,10,Borda,0.31023809523809526,0.02799473099472235,"[(1,), (0,), (13,), (8, 18), (4,), (10,), (7,), (15,), (6,), (19,), (2,), (3,), (5,), (20,), (16,), (12,), (14,), (9,), (17,), (11,)]",[]
F1 Seasons (2001),10,21,10,Plurality Veto,0.42976190476190473,0.009914283681238327,"[(1,), (18,), (13,), (0, 2, 4, 5, 6, 7, 8, 10, 14, 17, 20), (3, 11, 12, 15, 19), (9, 16)]",[]
F1 Seasons (2001),10,21,10,Veto,0.46904761904761905,0.00886618415477393,"[(0, 1, 2, 4, 5, 6, 7, 8, 10, 13, 14, 17, 18, 20), (3, 11, 12, 19), (9, 15, 16)]",[]
F1 Seasons (2001),10,21,10,Two Approval,0.38166666666666665,0.011750588991525923,"[(1,), (0, 18), (6, 13), (15,), (2, 3, 4, 5, 7, 8, 9, 10, 11, 12, 14, 16, 17, 19, 20)]",[]
F1 Seasons (1995),10,21,6,Trimmed Borda,0.2914285714285714,0.021543489621561454,"[(15,), (4,), (16,), (2,), (6,), (14,), (7,), (17,), (12,), (13,), (18,), (20,), (10,), (0,), (1, 11), (3, 8), (19,), (9,), (5,)]",[]
F1 Seasons (1995),10,21,6,Borda Min-Max,0.47095238095238096,0.01952380952380952,"[(15,), (4,), (16,), (2,), (6,), (17,), (14,), (7,), (12,), (18, 20), (10,), (13,), (0, 11), (1, 8), (19,), (3,), (9,), (5,)]",[]
F1 Seasons (1995),10,21,6,Plurality,0.4290476190476191,0.00765204494805965,"[(4, 15), (0, 1, 2, 3, 5, 6, 7, 8, 9, 10, 11, 12, 13, 14, 16, 17, 18, 19, 20)]",[]
F1 Seasons (1995),10,21,6,F1_rule-1991,0.2776190476190476,0.022568727094826945,"[(4,), (15,), (7,), (2, 16), (18,), (6, 13), (12, 14), (20,), (17,), (10,), (9,), (0, 1, 3, 5, 8, 11, 19)]",[]
F1 Seasons (1995),10,21,6,F1_rule-2003,0.29619047619047617,0.015774296188958536,"[(4,), (15,), (16,), (2,), (7,), (6, 18), (13,), (14,), (12, 17), (20,), (10,), (0, 9), (3, 5), (19,), (1, 8, 11)]",[]
F1 Seasons (1995),10,21,6,F1_rule-2010,0.31761904761904763,0.017446603560938367,"[(4,), (15,), (16,), (2,), (7,), (6,), (18,), (13, 14), (17,), (12,), (20,), (10,), (0,), (9,), (3, 5), (19,), (1, 11), (8,)]",[]
F1 Seasons (1995),10,21,6,Borda,0.39190476190476187,0.01609057256822119,"[(15,), (4,), (16,), (2,), (6,), (14,), (7,), (17,), (12,), (13,), (18,), (20,), (10,), (0,), (1, 11), (3, 8), (19,), (9,), (5,)]",[]
F1 Seasons (1995),10,21,6,Plurality Veto,0.45928571428571435,0.009292495149978333,"[(15,), (4,), (0, 1, 2, 3, 7, 8, 9, 10, 11, 12, 13, 14, 16, 17), (5, 6, 18, 19, 20)]",[]
F1 Seasons (1995),10,21,6,Veto,0.5173809523809523,0.0012320773568460456,"[(0, 1, 2, 3, 7, 8, 9, 10, 11, 12, 13, 14, 15, 16, 17), (4, 5, 6, 18, 19, 20)]",[]
F1 Seasons (1995),10,21,6,Two Approval,0.4238095238095238,0.01229518522605529,"[(4, 15), (7,), (6, 13, 16, 18), (0, 1, 2, 3, 5, 8, 9, 10, 11, 12, 14, 17, 19, 20)]",[]
F1 Seasons (1996),10,19,16,Trimmed Borda,0.2385964912280701,0.01456259079580488,"[(14,), (9,), (6,), (18,), (4,), (1,), (3,), (12,), (5,), (15,), (17,), (13,), (16,), (11,), (2, 10), (0,), (7,), (8,)]",[]
F1 Seasons (1996),10,19,16,Borda Min-Max,0.26111111111111107,0.01418488663667865,"[(14,), (9,), (6,), (18,), (4,), (1,), (3,), (12,), (15,), (5,), (13,), (17,), (16,), (11,), (2,), (10,), (7,), (0,), (8,)]",[]
F1 Seasons (1996),10,19,16,Plurality,0.38245614035087716,0.008082032140985526,"[(14,), (9,), (4,), (5,), (0, 1, 2, 3, 6, 7, 8, 10, 11, 12, 13, 15, 16, 17, 18)]",[]
F1 Seasons (1996),10,19,16,F1_rule-1991,0.18976608187134503,0.0067166655571228254,"[(14,), (9,), (4,), (6,), (18,), (1,), (12,), (3,), (5,), (11,), (15,), (17,), (13,), (16,), (10,), (8,), (0, 2, 7)]",[]
F1 Seasons (1996),10,19,16,F1_rule-2003,0.17953216374269007,0.009689893584122079,"[(14,), (9,), (4,), (6,), (18,), (1,), (12,), (3,), (5,), (11,), (15,), (17,), (13,), (16,), (10,), (8,), (0,), (2, 7)]",[]
F1 Seasons (1996),10,19,16,F1_rule-2010,0.18888888888888886,0.012213996255610558,"[(14,), (9,), (4,), (6,), (18,), (1,), (12,), (3,), (5,), (11,), (15,), (17,), (13,), (16,), (10,), (8,), (0,), (2, 7)]",[]
F1 Seasons (1996),10,19,16,Borda,0.2584795321637427,0.01565655312043277,"[(14,), (9,), (6,), (18,), (4,), (1,), (3,), (12,), (5,), (15,), (17,), (13,), (16,), (11,), (2, 10), (0,), (7,), (8,)]",[]
F1 Seasons (1996),10,19,16,Plurality Veto,0.42894736842105263,0.009815061622050977,"[(14,), (9,), (4,), (0, 1, 5, 7, 10, 15, 17), (2, 3, 11, 12, 16, 18), (6, 13), (8,)]",[]
F1 Seasons (1996),10,19,16,Veto,0.5084795321637425,0.010555605053350695,"[(0, 1, 7, 9, 10, 14, 15, 17), (2, 3, 5, 11, 12, 16, 18), (4, 6, 13), (8,)]",[]
F1 Seasons (1996),10,19,16,Two Approval,0.3236842105263158,0.0032632883124333717,"[(14,), (9,), (4,), (6,), (1, 5, 12), (0, 2, 3, 7, 8, 10, 11, 13, 15, 16, 17, 18)]",[]
F1 Seasons (2002),10,19,16,Trimmed Borda,0.241812865497076,0.012064135197778972,"[(1,), (16,), (7,), (0,), (13,), (4,), (18,), (10,), (6,), (8,), (14,), (12,), (9,), (17,), (3,), (2,), (15,), (11,), (5,)]",[]
F1 Seasons (2002),10,19,16,Borda Min-Max,0.2742690058479532,0.018212303609546027,"[(1,), (16,), (7,), (0,), (13,), (4,), (18,), (10,), (6,), (8,), (14,), (9,), (12,), (17,), (3,), (2, 15), (11,), (5,)]",[]
F1 Seasons (2002),10,19,16,Plurality,0.40614035087719297,0.004663108660392082,"[(1,), (0,), (13, 16), (2, 3, 4, 5, 6, 7, 8, 9, 10, 11, 12, 14, 15, 17, 18)]",[]
F1 Seasons (2002),10,19,16,F1_rule-1991,0.2137426900584795,0.009886423787900342,"[(1,), (0,), (7,), (16,), (13,), (10,), (18,), (12,), (4, 6, 17), (8, 9), (2,), (3, 11, 14), (5, 15)]",[]
F1 Seasons (2002),10,19,16,F1_rule-2003,0.2114035087719298,0.013996114939151896,"[(1,), (0,), (7,), (16,), (13,), (10,), (18,), (4,), (17,), (12,), (6, 8), (9,), (14,), (2,), (3, 11), (5,), (15,)]",[]
F1 Seasons (2002),10,19,16,F1_rule-2010,0.22280701754385962,0.014825070831837463,"[(1,), (0,), (7,), (16,), (13,), (10,), (18,), (4,), (17,), (12,), (8,), (6,), (9,), (14,), (2,), (3,), (5,), (11, 15)]",[]
F1 Seasons (2002),10,19,16,Borda,0.2573099415204678,0.014535167159693762,"[(1,), (16,), (7,), (0,), (13,), (4,), (18,), (10,), (6,), (8,), (14,), (12,), (9,), (17,), (3,), (2,), (15,), (11,), (5,)]",[]
F1 Seasons (2002),10,19,16,Plurality Veto,0.2944444444444444,0.01415136208934436,"[(1,), (0,), (13,), (2, 3, 4, 7, 8, 10, 12, 14, 16, 18), (6,), (9, 11, 15), (17,), (5,)]",[]
F1 Seasons (2002),10,19,16,Veto,0.3692982456140351,0.011383498212494625,"[(0, 1, 2, 3, 4, 7, 8, 10, 12, 13, 14, 18), (6, 16), (9, 11, 15), (17,), (5,)]",[]
F1 Seasons (2002),10,19,16,Two Approval,0.3327485380116959,0.012062166475169573,"[(1,), (0,), (7,), (13, 16), (10,), (2, 3, 4, 5, 6, 8, 9, 11, 12, 14, 15, 17, 18)]",[]
F1 Seasons (1994),10,17,15,Trimmed Borda,0.27647058823529413,0.01943706264010474,"[(10,), (5,), (14,), (2,), (4,), (9,), (1,), (11,), (13,), (12,), (8, 15), (0,), (6,), (16,), (7,), (3,)]",[]
F1 Seasons (1994),10,17,15,Borda Min-Max,0.3283088235294117,0.013131057398274153,"[(10,), (5,), (2,), (14,), (4,), (9,), (1,), (11,), (13,), (12,), (8, 15), (0,), (6,), (16,), (7,), (3,)]",[]
F1 Seasons (1994),10,17,15,Plurality,0.4099264705882352,0.00792788921060582,"[(10,), (2,), (0, 11), (1, 3, 4, 5, 6, 7, 8, 9, 12, 13, 14, 15, 16)]",[]
F1 Seasons (1994),10,17,15,F1_rule-1991,0.27941176470588236,0.011391127488845344,"[(10,), (2,), (4,), (11,), (12,), (5,), (0,), (1,), (14,), (9, 13), (15,), (16,), (6,), (8,), (3, 7)]",[]
F1 Seasons (1994),10,17,15,F1_rule-2003,0.3102941176470588,0.01693838484624607,"[(10,), (2,), (4,), (5,), (11,), (9, 12), (1,), (14,), (0, 13, 15), (16,), (6,), (8,), (3,), (7,)]",[]
F1 Seasons (1994),10,17,15,F1_rule-2010,0.32169117647058826,0.014941434593262085,"[(10,), (2,), (5,), (4,), (11,), (9,), (14,), (1, 12), (0,), (13, 15), (6, 16), (8,), (3,), (7,)]",[]
F1 Seasons (1994),10,17,15,Borda,0.3220588235294118,0.016370273999506416,"[(10,), (5,), (14,), (2,), (4,), (9,), (1,), (11,), (13,), (12,), (8, 15), (0,), (6,), (16,), (7,), (3,)]",[]
F1 Seasons (1994),10,17,15,Plurality Veto,0.3544117647058823,0.0069150666566989635,"[(10,), (2,), (0, 11), (1, 4, 5, 6, 8, 9, 13, 14, 15, 16), (7, 12), (3,)]",[]
F1 Seasons (1994),10,17,15,Veto,0.44264705882352934,0.0006003651330350905,"[(0, 1, 2, 4, 5, 6, 8, 9, 10, 11, 13, 14, 15, 16), (7, 12), (3,)]",[]
F1 Seasons (1994),10,17,15,Two Approval,0.35,0.01055345595177009,"[(10,), (2,), (4,), (1, 11), (0, 5, 12), (3, 6, 7, 8, 9, 13, 14, 15, 16)]",[]
F1 Seasons (2000),10,21,16,Trimmed Borda,0.22023809523809526,0.007842699567619337,"[(15,), (2, 11), (1,), (17,), (9,), (12,), (20,), (4,), (19,), (7,), (6,), (14,), (10,), (13,), (18,), (0,), (8,), (3,), (5,), (16,)]",[]
F1 Seasons (2000),10,21,16,Borda Min-Max,0.254047619047619,0.01111139455420783,"[(15,), (2,), (11,), (1,), (9,), (17,), (12,), (4,), (20,), (19,), (7,), (6,), (14,), (10,), (18,), (13,), (0,), (8,), (3,), (5,), (16,)]",[]
F1 Seasons (2000),10,21,16,Plurality,0.38142857142857145,0.006600197741679935,"[(2,), (15,), (11,), (1,), (0, 3, 4, 5, 6, 7, 8, 9, 10, 12, 13, 14, 16, 17, 18, 19, 20)]",[]
F1 Seasons (2000),10,21,16,F1_rule-1991,0.18785714285714286,0.006131690765624985,"[(2,), (15,), (11,), (1,), (17,), (9,), (19,), (20,), (14,), (12,), (6,), (8,), (4, 7), (16,), (0, 3, 5, 10, 13, 18)]",[]
F1 Seasons (2000),10,21,16,F1_rule-2003,0.18095238095238095,0.007759940674019247,"[(2,), (15,), (11,), (1,), (17,), (9,), (19,), (20,), (14,), (12,), (6,), (4,), (8,), (7,), (13,), (10,), (16,), (3,), (0,), (5, 18)]",[]
F1 Seasons (2000),10,21,16,F1_rule-2010,0.18714285714285717,0.007688178437023705,"[(2,), (15,), (11,), (1,), (17,), (9,), (19,), (12, 20), (14,), (6,), (4,), (7,), (8,), (13,), (10,), (3, 16), (0,), (18,), (5,)]",[]
F1 Seasons (2000),10,21,16,Borda,0.24595238095238098,0.011407884716776472,"[(15,), (2, 11), (1,), (17,), (9,), (12,), (20,), (4,), (19,), (7,), (6,), (14,), (10,), (13,), (18,), (0,), (8,), (3,), (5,), (16,)]",[]
F1 Seasons (2000),10,21,16,Plurality Veto,0.3380952380952381,0.01004524909987095,"[(2,), (15,), (11,), (1,), (0, 3, 7, 9, 17, 18, 20), (4, 5, 12, 14), (6, 8, 10, 13, 16, 19)]",[]
F1 Seasons (2000),10,21,16,Veto,0.4390476190476191,0.01210519108884928,"[(0, 1, 2, 3, 7, 9, 11, 15, 17, 18, 20), (4, 5, 12, 14), (6, 8, 10, 13, 16, 19)]",[]
F1 Seasons (2000),10,21,16,Two Approval,0.3338095238095239,0.001052896758842984,"[(2, 15), (11,), (1,), (19,), (0, 3, 4, 5, 6, 7, 8, 9, 10, 12, 13, 14, 16, 17, 18, 20)]",[]
F1 Seasons (1999),10,21,9,Trimmed Borda,0.2783333333333333,0.018691950536666987,"[(9,), (10,), (16,), (14,), (13,), (18,), (2,), (5,), (12,), (3,), (6,), (4,), (19,), (11,), (17,), (1,), (0,), (15,), (7,), (20,), (8,)]",[]
F1 Seasons (1999),10,21,9,Borda Min-Max,0.3404761904761905,0.03611067503661347,"[(9,), (10,), (16,), (14,), (18,), (13,), (2,), (12,), (5,), (3,), (6,), (4, 19), (11,), (17,), (1,), (0,), (15,), (7,), (20,), (8,)]",[]
F1 Seasons (1999),10,21,9,Plurality,0.44238095238095243,0.011092955688670565,"[(9,), (10, 16), (11, 14), (0, 1, 2, 3, 4, 5, 6, 7, 8, 12, 13, 15, 17, 18, 19, 20)]",[]
F1 Seasons (1999),10,21,9,F1_rule-1991,0.255,0.017875475598315173,"[(9, 10), (16,), (14,), (18,), (2,), (13,), (11,), (5,), (12,), (19,), (6,), (4,), (0, 3, 8), (1, 7, 15, 17, 20)]",[]
F1 Seasons (1999),10,21,9,F1_rule-2003,0.2457142857142857,0.014783224065873079,"[(9, 10), (16,), (14,), (18,), (2,), (13,), (5,), (12,), (6,), (19,), (11,), (1, 4), (0, 3), (8,), (17,), (7,), (15, 20)]",[]
F1 Seasons (1999),10,21,9,F1_rule-2010,0.24095238095238095,0.014889362702719065,"[(9,), (10,), (16,), (14,), (18,), (2,), (13,), (5,), (12,), (6,), (19,), (11,), (4,), (1,), (0, 3), (8, 17), (7,), (15,), (20,)]",[]
F1 Seasons (1999),10,21,9,Borda,0.2885714285714286,0.01754596597929667,"[(9,), (10,), (16,), (14,), (13,), (18,), (2,), (5,), (12,), (3,), (6,), (4,), (19,), (11,), (17,), (1,), (0,), (15,), (7,), (20,), (8,)]",[]
F1 Seasons (1999),10,21,9,Plurality Veto,0.43714285714285717,0.010583862271853744,"[(9,), (10, 16), (11, 14), (3, 4, 6, 7, 13, 15, 17, 19), (0, 1, 2, 5, 12, 18, 20), (8,)]",[]
F1 Seasons (1999),10,21,9,Veto,0.5173809523809523,0.0070724038662584735,"[(3, 4, 6, 7, 9, 10, 11, 13, 14, 15, 16, 17, 19), (0, 1, 2, 5, 12, 18, 20), (8,)]",[]
F1 Seasons (1999),10,21,9,Two Approval,0.42952380952380953,0.010121459407574519,"[(10,), (16,), (9,), (2, 5, 11, 13, 14, 18), (0, 1, 3, 4, 6, 7, 8, 12, 15, 17, 19, 20)]",[]
F1 Seasons (1993),10,23,13,Trimmed Borda,0.2847826086956522,0.00797863288627978,"[(13,), (18,), (7,), (15,), (22,), (17,), (16,), (14,), (10,), (4,), (0, 2), (3,), (9,), (21,), (5,), (12,), (20,), (11,), (19,), (6,), (1,), (8,)]",[]
F1 Seasons (1993),10,23,13,Borda Min-Max,0.33300395256917,0.010941194099341035,"[(13,), (18,), (15,), (7,), (22,), (17,), (16,), (14,), (10,), (4,), (2,), (0,), (3,), (9,), (21,), (5,), (12,), (11,), (20,), (6,), (19,), (1, 8)]",[]
F1 Seasons (1993),10,23,13,Plurality,0.40849802371541505,0.009003850775768405,"[(13,), (15, 18), (0, 1, 2, 3, 4, 5, 6, 7, 8, 9, 10, 11, 12, 14, 16, 17, 19, 20, 21, 22)]",[]
F1 Seasons (1993),10,23,13,F1_rule-1991,0.23557312252964424,0.008496746949874163,"[(13,), (15,), (18,), (7,), (22,), (14, 16), (2, 4, 9), (12,), (17,), (3, 5), (0,), (10,), (19, 21), (1, 6, 8, 11, 20)]",[]
F1 Seasons (1993),10,23,13,F1_rule-2003,0.21442687747035577,0.009223837681433067,"[(13,), (15,), (18,), (7,), (22,), (16,), (2,), (14,), (4,), (9,), (12, 17), (5,), (0, 3), (10,), (21,), (6,), (19,), (20,), (1, 8, 11)]",[]
F1 Seasons (1993),10,23,13,F1_rule-2010,0.22707509881422924,0.011289450613777605,"[(13,), (15,), (18,), (7,), (22,), (16,), (2,), (14,), (4,), (9,), (17,), (12,), (5,), (3,), (0,), (10,), (21,), (6,), (19,), (8, 20), (11,), (1,)]",[]
F1 Seasons (1993),10,23,13,Borda,0.32233201581027665,0.010745892835298051,"[(13,), (18,), (7,), (15,), (22,), (17,), (16,), (14,), (10,), (4,), (0, 2), (3,), (9,), (21,), (5,), (12,), (20,), (11,), (19,), (6,), (1,), (8,)]",[]
F1 Seasons (1993),10,23,13,Plurality Veto,0.358300395256917,0.016555897430449763,"[(13,), (15, 18), (0, 1, 2, 3, 4, 5, 7, 10, 12, 14, 17, 20, 22), (9, 11, 16, 21), (6, 19), (8,)]",[]
F1 Seasons (1993),10,23,13,Veto,0.4428853754940712,0.011392765933583546,"[(0, 1, 2, 3, 4, 5, 7, 10, 12, 13, 14, 15, 17, 18, 20, 22), (9, 11, 16, 21), (6, 19), (8,)]",[]
F1 Seasons (1993),10,23,13,Two Approval,0.3630434782608696,0.006366854343387218,"[(13, 15), (7, 18), (9, 22), (0, 1, 2, 3, 4, 5, 6, 8, 10, 11, 12, 14, 16, 17, 19, 20, 21)]",[]
